0x00000000,shaders\black_templates\_0
0x00000001,shaders\black_templates\_0
0x00000002,shaders\black_templates\_0
0x00000003,shaders\beam_templates\_0_8_0_0_0
0x00000004,shaders\beam_templates\_0_8_0_0_0
0x00000005,shaders\beam_templates\_0_8_0_0_0
0x00000006,shaders\light_volume_templates\_0_8_0_0
0x00000007,shaders\light_volume_templates\_0_8_0_0
0x00000008,shaders\light_volume_templates\_0_8_0_0
0x00000009,shaders\decal_templates\_0_2_0_0_1_0
0x0000000A,shaders\decal_templates\_0_2_0_0_1_0
0x0000000B,shaders\decal_templates\_0_2_0_0_1_0
0x0000000C,shaders\particle_templates\_5_3_0_0_1_1_1_1_0_0
0x0000000D,shaders\particle_templates\_5_3_0_0_1_1_1_1_0_0
0x0000000E,shaders\particle_templates\_5_3_0_0_1_1_1_1_0_0
0x0000000F,shaders\particle_templates\_6_8_0_0_0_0_0_0_1_0
0x00000010,shaders\particle_templates\_6_8_0_0_0_0_0_0_1_0
0x00000011,shaders\particle_templates\_6_8_0_0_0_0_0_0_1_0
0x00000012,shaders\light_volume_templates\_0_8_1_0
0x00000013,shaders\light_volume_templates\_0_8_1_0
0x00000014,shaders\light_volume_templates\_0_8_1_0
0x00000015,shaders\particle_templates\_8_8_0_0_0_1_1_0_0_0
0x00000016,shaders\particle_templates\_8_8_0_0_0_1_1_0_0_0
0x00000017,shaders\particle_templates\_8_8_0_0_0_1_1_0_0_0
0x00000018,shaders\particle_templates\_1_10_0_0_0_1_1_1_1_0
0x00000019,shaders\particle_templates\_1_10_0_0_0_1_1_1_1_0
0x0000001A,shaders\particle_templates\_1_10_0_0_0_1_1_1_1_0
0x0000001B,shaders\particle_templates\_1_3_0_0_0_0_1_1_1_0
0x0000001C,shaders\particle_templates\_1_3_0_0_0_0_1_1_1_0
0x0000001D,shaders\particle_templates\_1_3_0_0_0_0_1_1_1_0
0x0000001E,shaders\decal_templates\_6_3_0_1_0_0
0x0000001F,shaders\decal_templates\_6_3_0_1_0_0
0x00000020,shaders\decal_templates\_6_3_0_1_0_0
0x00000021,shaders\decal_templates\_0_1_1_1_0_1
0x00000022,shaders\decal_templates\_0_1_1_1_0_1
0x00000023,shaders\decal_templates\_0_1_1_1_0_1
0x00000024,shaders\decal_templates\_8_1_0_1_0_2
0x00000025,shaders\decal_templates\_8_1_0_1_0_2
0x00000026,shaders\decal_templates\_8_1_0_1_0_2
0x00000027,shaders\decal_templates\_2_3_0_1_1_3
0x00000028,shaders\decal_templates\_2_3_0_1_1_3
0x00000029,shaders\decal_templates\_2_3_0_1_1_3
0x0000002A,shaders\particle_templates\_8_8_0_0_0_1_1_0_1_0
0x0000002B,shaders\particle_templates\_8_8_0_0_0_1_1_0_1_0
0x0000002C,shaders\particle_templates\_8_8_0_0_0_1_1_0_1_0
0x0000002D,shaders\decal_templates\_2_3_1_1_1_3
0x0000002E,shaders\decal_templates\_2_3_1_1_1_3
0x0000002F,shaders\decal_templates\_2_3_1_1_1_3
0x00000030,shaders\decal_templates\_0_3_1_0_0_0
0x00000031,shaders\decal_templates\_0_3_1_0_0_0
0x00000032,shaders\decal_templates\_0_3_1_0_0_0
0x00000033,shaders\particle_templates\_1_10_0_0_0_0_1_1_0_1
0x00000034,shaders\particle_templates\_1_10_0_0_0_0_1_1_0_1
0x00000035,shaders\particle_templates\_1_10_0_0_0_0_1_1_0_1
0x00000036,shaders\particle_templates\_1_10_0_0_0_1_0_1_0_1
0x00000037,shaders\particle_templates\_1_10_0_0_0_1_0_1_0_1
0x00000038,shaders\particle_templates\_1_10_0_0_0_1_0_1_0_1
0x00000039,shaders\particle_templates\_0_1_0_0_0_0_1_0_0_0
0x0000003A,shaders\particle_templates\_0_1_0_0_0_0_1_0_0_0
0x0000003B,shaders\particle_templates\_0_1_0_0_0_0_1_0_0_0
0x0000003C,shaders\particle_templates\_3_3_0_0_0_1_1_0_0_0
0x0000003D,shaders\particle_templates\_3_3_0_0_0_1_1_0_0_0
0x0000003E,shaders\particle_templates\_3_3_0_0_0_1_1_0_0_0
0x0000003F,shaders\decal_templates\_0_3_0_0_0_1
0x00000040,shaders\decal_templates\_0_3_0_0_0_1
0x00000041,shaders\decal_templates\_0_3_0_0_0_1
0x00000042,shaders\decal_templates\_0_3_0_1_0_1
0x00000043,shaders\decal_templates\_0_3_0_1_0_1
0x00000044,shaders\decal_templates\_0_3_0_1_0_1
0x00000045,shaders\decal_templates\_8_3_1_0_0_1
0x00000046,shaders\decal_templates\_8_3_1_0_0_1
0x00000047,shaders\decal_templates\_8_3_1_0_0_1
0x00000048,shaders\screen_templates\_0_0_2_0_0
0x00000049,shaders\screen_templates\_0_0_2_0_0
0x0000004A,shaders\screen_templates\_0_0_2_0_0
0x0000004B,shaders\screen_templates\_0_0_2_0_2
0x0000004C,shaders\screen_templates\_0_0_2_0_2
0x0000004D,shaders\screen_templates\_0_0_2_0_2
0x0000004E,shaders\particle_templates\_3_3_0_2_0_1_1_1_0_1
0x0000004F,shaders\particle_templates\_3_3_0_2_0_1_1_1_0_1
0x00000050,shaders\particle_templates\_3_3_0_2_0_1_1_1_0_1
0x00000051,shaders\particle_templates\_0_3_0_2_1_0_0_0_0_0
0x00000052,shaders\particle_templates\_0_3_0_2_1_0_0_0_0_0
0x00000053,shaders\particle_templates\_0_3_0_2_1_0_0_0_0_0
0x00000054,shaders\particle_templates\_0_3_0_2_1_0_0_1_0_0
0x00000055,shaders\particle_templates\_0_3_0_2_1_0_0_1_0_0
0x00000056,shaders\particle_templates\_0_3_0_2_1_0_0_1_0_0
0x00000057,shaders\particle_templates\_0_8_0_0_0_0_0_1_1_0
0x00000058,shaders\particle_templates\_0_8_0_0_0_0_0_1_1_0
0x00000059,shaders\particle_templates\_0_8_0_0_0_0_0_1_1_0
0x0000005A,shaders\contrail_templates\_2_3_1_0
0x0000005B,shaders\contrail_templates\_2_3_1_0
0x0000005C,shaders\contrail_templates\_2_3_1_0
0x0000005D,shaders\particle_templates\_5_3_0_0_0_1_1_1_0_0
0x0000005E,shaders\particle_templates\_5_3_0_0_0_1_1_1_0_0
0x0000005F,shaders\particle_templates\_5_3_0_0_0_1_1_1_0_0
0x00000060,shaders\particle_templates\_5_10_0_0_1_1_1_0_0_0
0x00000061,shaders\particle_templates\_5_10_0_0_1_1_1_0_0_0
0x00000062,shaders\particle_templates\_5_10_0_0_1_1_1_0_0_0
0x00000063,shaders\particle_templates\_5_10_0_0_0_1_1_0_0_0
0x00000064,shaders\particle_templates\_5_10_0_0_0_1_1_0_0_0
0x00000065,shaders\particle_templates\_5_10_0_0_0_1_1_0_0_0
0x00000066,shaders\particle_templates\_3_10_0_0_0_1_1_1_1_0
0x00000067,shaders\particle_templates\_3_10_0_0_0_1_1_1_1_0
0x00000068,shaders\particle_templates\_3_10_0_0_0_1_1_1_1_0
0x00000069,shaders\decal_templates\_2_8_1_1_1_3
0x0000006A,shaders\decal_templates\_2_8_1_1_1_3
0x0000006B,shaders\decal_templates\_2_8_1_1_1_3
0x0000006C,shaders\particle_templates\_0_0_0_0_0_0_0_0_0_0
0x0000006D,shaders\particle_templates\_0_0_0_0_0_0_0_0_0_0
0x0000006E,shaders\particle_templates\_0_0_0_0_0_0_0_0_0_0
0x0000006F,shaders\particle_templates\_3_10_0_0_0_1_1_0_0_1
0x00000070,shaders\particle_templates\_3_10_0_0_0_1_1_0_0_1
0x00000071,shaders\particle_templates\_3_10_0_0_0_1_1_0_0_1
0x00000072,shaders\particle_templates\_5_10_0_0_0_1_1_1_0_0
0x00000073,shaders\particle_templates\_5_10_0_0_0_1_1_1_0_0
0x00000074,shaders\particle_templates\_5_10_0_0_0_1_1_1_0_0
0x00000075,shaders\particle_templates\_0_10_0_1_0_0_0_1_0_0
0x00000076,shaders\particle_templates\_0_10_0_1_0_0_0_1_0_0
0x00000077,shaders\particle_templates\_0_10_0_1_0_0_0_1_0_0
0x00000078,shaders\particle_templates\_1_10_0_0_0_1_1_0_0_0
0x00000079,shaders\particle_templates\_1_10_0_0_0_1_1_0_0_0
0x0000007A,shaders\particle_templates\_1_10_0_0_0_1_1_0_0_0
0x0000007B,shaders\particle_templates\_1_3_0_0_0_1_1_1_1_0
0x0000007C,shaders\particle_templates\_1_3_0_0_0_1_1_1_1_0
0x0000007D,shaders\particle_templates\_1_3_0_0_0_1_1_1_1_0
0x0000007E,shaders\decal_templates\_0_3_1_1_0_1
0x0000007F,shaders\decal_templates\_0_3_1_1_0_1
0x00000080,shaders\decal_templates\_0_3_1_1_0_1
0x00000081,shaders\particle_templates\_0_8_0_0_0_1_1_1_0_1
0x00000082,shaders\particle_templates\_0_8_0_0_0_1_1_1_0_1
0x00000083,shaders\particle_templates\_0_8_0_0_0_1_1_1_0_1
0x00000084,shaders\particle_templates\_3_8_0_0_0_1_0_0_0_0
0x00000085,shaders\particle_templates\_3_8_0_0_0_1_0_0_0_0
0x00000086,shaders\particle_templates\_3_8_0_0_0_1_0_0_0_0
0x00000087,shaders\screen_templates\_0_0_0_0_1
0x00000088,shaders\screen_templates\_0_0_0_0_1
0x00000089,shaders\screen_templates\_0_0_0_0_1
0x0000008A,shaders\particle_templates\_1_8_0_0_1_1_1_0_0_1
0x0000008B,shaders\particle_templates\_1_8_0_0_1_1_1_0_0_1
0x0000008C,shaders\particle_templates\_1_8_0_0_1_1_1_0_0_1
0x0000008D,shaders\particle_templates\_1_10_0_0_1_1_1_0_0_0
0x0000008E,shaders\particle_templates\_1_10_0_0_1_1_1_0_0_0
0x0000008F,shaders\particle_templates\_1_10_0_0_1_1_1_0_0_0
0x00000090,shaders\particle_templates\_3_3_0_0_1_1_1_0_0_0
0x00000091,shaders\particle_templates\_3_3_0_0_1_1_1_0_0_0
0x00000092,shaders\particle_templates\_3_3_0_0_1_1_1_0_0_0
0x00000093,shaders\particle_templates\_3_7_0_0_0_1_1_0_0_1
0x00000094,shaders\particle_templates\_3_7_0_0_0_1_1_0_0_1
0x00000095,shaders\particle_templates\_3_7_0_0_0_1_1_0_0_1
0x00000096,shaders\screen_templates\_2_0_0_0_3
0x00000097,shaders\screen_templates\_2_0_0_0_3
0x00000098,shaders\screen_templates\_2_0_0_0_3
0x00000099,shaders\contrail_templates\_0_8_0_1
0x0000009A,shaders\contrail_templates\_0_8_0_1
0x0000009B,shaders\contrail_templates\_0_8_0_1
0x0000009C,shaders\contrail_templates\_2_3_0_1
0x0000009D,shaders\contrail_templates\_2_3_0_1
0x0000009E,shaders\contrail_templates\_2_3_0_1
0x0000009F,shaders\particle_templates\_0_3_0_2_0_0_1_0_0_1
0x000000A0,shaders\particle_templates\_0_3_0_2_0_0_1_0_0_1
0x000000A1,shaders\particle_templates\_0_3_0_2_0_0_1_0_0_1
0x000000A2,shaders\particle_templates\_5_10_0_0_1_1_1_1_0_0
0x000000A3,shaders\particle_templates\_5_10_0_0_1_1_1_1_0_0
0x000000A4,shaders\particle_templates\_5_10_0_0_1_1_1_1_0_0
0x000000A5,shaders\contrail_templates\_0_3_0_1
0x000000A6,shaders\contrail_templates\_0_3_0_1
0x000000A7,shaders\contrail_templates\_0_3_0_1
0x000000A8,shaders\particle_templates\_1_10_0_1_1_1_1_1_1_0
0x000000A9,shaders\particle_templates\_1_10_0_1_1_1_1_1_1_0
0x000000AA,shaders\particle_templates\_1_10_0_1_1_1_1_1_1_0
0x000000AB,shaders\contrail_templates\_2_3_1_1
0x000000AC,shaders\contrail_templates\_2_3_1_1
0x000000AD,shaders\contrail_templates\_2_3_1_1
0x000000AE,shaders\particle_templates\_1_8_0_0_0_1_1_1_0_0
0x000000AF,shaders\particle_templates\_1_8_0_0_0_1_1_1_0_0
0x000000B0,shaders\particle_templates\_1_8_0_0_0_1_1_1_0_0
0x000000B1,shaders\particle_templates\_5_3_0_1_1_1_1_1_0_0
0x000000B2,shaders\particle_templates\_5_3_0_1_1_1_1_1_0_0
0x000000B3,shaders\particle_templates\_5_3_0_1_1_1_1_1_0_0
0x000000B4,shaders\particle_templates\_5_3_0_0_0_1_1_0_0_0
0x000000B5,shaders\particle_templates\_5_3_0_0_0_1_1_0_0_0
0x000000B6,shaders\particle_templates\_5_3_0_0_0_1_1_0_0_0
0x000000B7,shaders\particle_templates\_0_8_0_0_1_0_1_0_0_0
0x000000B8,shaders\particle_templates\_0_8_0_0_1_0_1_0_0_0
0x000000B9,shaders\particle_templates\_0_8_0_0_1_0_1_0_0_0
0x000000BA,shaders\particle_templates\_1_3_0_0_0_1_1_1_0_1
0x000000BB,shaders\particle_templates\_1_3_0_0_0_1_1_1_0_1
0x000000BC,shaders\particle_templates\_1_3_0_0_0_1_1_1_0_1
0x000000BD,shaders\particle_templates\_0_0_0_1_0_0_0_0_0_0
0x000000BE,shaders\particle_templates\_0_0_0_1_0_0_0_0_0_0
0x000000BF,shaders\particle_templates\_0_0_0_1_0_0_0_0_0_0
0x000000C0,shaders\decal_templates\_0_0_0_0_0_0
0x000000C1,shaders\decal_templates\_0_0_0_0_0_0
0x000000C2,shaders\decal_templates\_0_0_0_0_0_0
0x000000C3,shaders\decal_templates\_8_1_0_0_0_0
0x000000C4,shaders\decal_templates\_8_1_0_0_0_0
0x000000C5,shaders\decal_templates\_8_1_0_0_0_0
0x000000C6,shaders\particle_templates\_1_3_0_0_0_0_0_1_1_0
0x000000C7,shaders\particle_templates\_1_3_0_0_0_0_0_1_1_0
0x000000C8,shaders\particle_templates\_1_3_0_0_0_0_0_1_1_0
0x000000C9,shaders\decal_templates\_8_10_0_0_0_1
0x000000CA,shaders\decal_templates\_8_10_0_0_0_1
0x000000CB,shaders\decal_templates\_8_10_0_0_0_1
0x000000CC,shaders\particle_templates\_3_3_0_2_0_0_1_1_0_0
0x000000CD,shaders\particle_templates\_3_3_0_2_0_0_1_1_0_0
0x000000CE,shaders\particle_templates\_3_3_0_2_0_0_1_1_0_0
0x000000CF,shaders\screen_templates\_2_1_4_0_0
0x000000D0,shaders\screen_templates\_2_1_4_0_0
0x000000D1,shaders\screen_templates\_2_1_4_0_0
0x000000D2,shaders\particle_templates\_1_10_0_0_1_0_1_0_0_0
0x000000D3,shaders\particle_templates\_1_10_0_0_1_0_1_0_0_0
0x000000D4,shaders\particle_templates\_1_10_0_0_1_0_1_0_0_0
0x000000D5,shaders\contrail_templates\_2_8_0_0
0x000000D6,shaders\contrail_templates\_2_8_0_0
0x000000D7,shaders\contrail_templates\_2_8_0_0
0x000000D8,shaders\particle_templates\_0_2_0_0_0_0_0_0_0_0
0x000000D9,shaders\particle_templates\_0_2_0_0_0_0_0_0_0_0
0x000000DA,shaders\particle_templates\_0_2_0_0_0_0_0_0_0_0
0x000000DB,shaders\particle_templates\_8_8_0_0_1_1_0_0_0_0
0x000000DC,shaders\particle_templates\_8_8_0_0_1_1_0_0_0_0
0x000000DD,shaders\particle_templates\_8_8_0_0_1_1_0_0_0_0
0x000000DE,shaders\particle_templates\_8_8_0_0_1_0_0_0_0_0
0x000000DF,shaders\particle_templates\_8_8_0_0_1_0_0_0_0_0
0x000000E0,shaders\particle_templates\_8_8_0_0_1_0_0_0_0_0
0x000000E1,shaders\particle_templates\_0_8_0_0_1_0_0_0_0_0
0x000000E2,shaders\particle_templates\_0_8_0_0_1_0_0_0_0_0
0x000000E3,shaders\particle_templates\_0_8_0_0_1_0_0_0_0_0
0x000000E4,shaders\particle_templates\_3_3_0_1_0_1_1_0_0_1
0x000000E5,shaders\particle_templates\_3_3_0_1_0_1_1_0_0_1
0x000000E6,shaders\particle_templates\_3_3_0_1_0_1_1_0_0_1
0x000000E7,shaders\particle_templates\_1_8_0_0_0_1_0_0_0_0
0x000000E8,shaders\particle_templates\_1_8_0_0_0_1_0_0_0_0
0x000000E9,shaders\particle_templates\_1_8_0_0_0_1_0_0_0_0
0x000000EA,shaders\particle_templates\_0_3_0_0_0_0_0_0_1_0
0x000000EB,shaders\particle_templates\_0_3_0_0_0_0_0_0_1_0
0x000000EC,shaders\particle_templates\_0_3_0_0_0_0_0_0_1_0
0x000000ED,shaders\particle_templates\_0_3_0_2_1_1_1_1_0_1
0x000000EE,shaders\particle_templates\_0_3_0_2_1_1_1_1_0_1
0x000000EF,shaders\particle_templates\_0_3_0_2_1_1_1_1_0_1
0x000000F0,shaders\particle_templates\_0_3_0_2_0_1_0_1_0_1
0x000000F1,shaders\particle_templates\_0_3_0_2_0_1_0_1_0_1
0x000000F2,shaders\particle_templates\_0_3_0_2_0_1_0_1_0_1
0x000000F3,shaders\particle_templates\_0_3_0_2_1_1_0_1_0_1
0x000000F4,shaders\particle_templates\_0_3_0_2_1_1_0_1_0_1
0x000000F5,shaders\particle_templates\_0_3_0_2_1_1_0_1_0_1
0x000000F6,shaders\decal_templates\_0_3_1_1_0_0
0x000000F7,shaders\decal_templates\_0_3_1_1_0_0
0x000000F8,shaders\decal_templates\_0_3_1_1_0_0
0x000000F9,shaders\particle_templates\_3_10_0_0_1_1_1_1_0_0
0x000000FA,shaders\particle_templates\_3_10_0_0_1_1_1_1_0_0
0x000000FB,shaders\particle_templates\_3_10_0_0_1_1_1_1_0_0
0x000000FC,shaders\particle_templates\_0_10_0_0_0_1_1_1_0_0
0x000000FD,shaders\particle_templates\_0_10_0_0_0_1_1_1_0_0
0x000000FE,shaders\particle_templates\_0_10_0_0_0_1_1_1_0_0
0x000000FF,shaders\particle_templates\_2_0_0_1_0_0_0_1_0_0
0x00000100,shaders\particle_templates\_2_0_0_1_0_0_0_1_0_0
0x00000101,shaders\particle_templates\_2_0_0_1_0_0_0_1_0_0
0x00000102,shaders\particle_templates\_2_3_0_1_0_1_0_1_0_0
0x00000103,shaders\particle_templates\_2_3_0_1_0_1_0_1_0_0
0x00000104,shaders\particle_templates\_2_3_0_1_0_1_0_1_0_0
0x00000105,shaders\shader_templates\_1_2_0_1_7_0_0_0_0_0_0_0
0x00000106,shaders\shader_templates\_1_2_0_1_7_0_0_0_0_0_0_0
0x00000107,shaders\shader_templates\_1_2_0_1_7_0_0_0_0_0_0_0
0x00000108,shaders\shader_templates\_1_2_0_1_10_0_0_0_0_0_0_0
0x00000109,shaders\shader_templates\_1_2_0_1_10_0_0_0_0_0_0_0
0x0000010A,shaders\shader_templates\_1_2_0_1_10_0_0_0_0_0_0_0
0x0000010B,shaders\shader_templates\_0_1_0_1_7_2_2_0_0_0_0_0
0x0000010C,shaders\shader_templates\_0_1_0_1_7_2_2_0_0_0_0_0
0x0000010D,shaders\shader_templates\_0_1_0_1_7_2_2_0_0_0_0_0
0x0000010E,shaders\shader_templates\_1_2_0_1_7_0_0_0_2_0_0_0
0x0000010F,shaders\shader_templates\_1_2_0_1_7_0_0_0_2_0_0_0
0x00000110,shaders\shader_templates\_1_2_0_1_7_0_0_0_2_0_0_0
0x00000111,shaders\water_templates\_0_0_1_1_1_0_2_1_0
0x00000112,shaders\water_templates\_0_0_1_1_1_0_2_1_0
0x00000113,shaders\water_templates\_0_0_1_1_1_0_2_1_0
0x00000114,shaders\water_templates\_0_1_1_1_2_0_2_1_0
0x00000115,shaders\water_templates\_0_1_1_1_2_0_2_1_0
0x00000116,shaders\water_templates\_0_1_1_1_2_0_2_1_0
0x00000117,shaders\shader_templates\_0_1_1_2_7_0_0_0_0_2_0_0
0x00000118,shaders\shader_templates\_0_1_1_2_7_0_0_0_0_2_0_0
0x00000119,shaders\shader_templates\_0_1_1_2_7_0_0_0_0_2_0_0
0x0000011A,shaders\shader_templates\_0_0_1_0_0_0_0_0_0_3_0_0
0x0000011B,shaders\shader_templates\_0_0_1_0_0_0_0_0_0_3_0_0
0x0000011C,shaders\shader_templates\_0_0_1_0_0_0_0_0_0_3_0_0
0x0000011D,shaders\shader_templates\_0_1_1_0_0_0_0_0_1_2_0_0
0x0000011E,shaders\shader_templates\_0_1_1_0_0_0_0_0_1_2_0_0
0x0000011F,shaders\shader_templates\_0_1_1_0_0_0_0_0_1_2_0_0
0x00000120,shaders\shader_templates\_0_1_1_2_10_0_0_0_0_0_0_0
0x00000121,shaders\shader_templates\_0_1_1_2_10_0_0_0_0_0_0_0
0x00000122,shaders\shader_templates\_0_1_1_2_10_0_0_0_0_0_0_0
0x00000123,shaders\shader_templates\_0_1_0_1_0_0_5_0_0_0_0_0
0x00000124,shaders\shader_templates\_0_1_0_1_0_0_5_0_0_0_0_0
0x00000125,shaders\shader_templates\_0_1_0_1_0_0_5_0_0_0_0_0
0x00000126,shaders\water_templates\_0_1_1_1_2_0_1_2_0
0x00000127,shaders\water_templates\_0_1_1_1_2_0_1_2_0
0x00000128,shaders\water_templates\_0_1_1_1_2_0_1_2_0
0x00000129,shaders\water_templates\_0_0_1_1_1_0_1_2_0
0x0000012A,shaders\water_templates\_0_0_1_1_1_0_1_2_0
0x0000012B,shaders\water_templates\_0_0_1_1_1_0_1_2_0
0x0000012C,shaders\shader_templates\_7_2_0_2_10_0_0_3_0_0_0_0
0x0000012D,shaders\shader_templates\_7_2_0_2_10_0_0_3_0_0_0_0
0x0000012E,shaders\shader_templates\_7_2_0_2_10_0_0_3_0_0_0_0
0x0000012F,shaders\shader_templates\_7_2_0_2_10_0_0_3_1_0_0_0
0x00000130,shaders\shader_templates\_7_2_0_2_10_0_0_3_1_0_0_0
0x00000131,shaders\shader_templates\_7_2_0_2_10_0_0_3_1_0_0_0
0x00000132,shaders\water_templates\_0_0_1_1_1_0_2_0_0
0x00000133,shaders\water_templates\_0_0_1_1_1_0_2_0_0
0x00000134,shaders\water_templates\_0_0_1_1_1_0_2_0_0
0x00000135,shaders\shader_templates\_0_1_1_0_10_1_0_0_1_2_0_0
0x00000136,shaders\shader_templates\_0_1_1_0_10_1_0_0_1_2_0_0
0x00000137,shaders\shader_templates\_0_1_1_0_10_1_0_0_1_2_0_0
0x00000138,shaders\shader_templates\_0_2_0_1_7_0_0_0_0_0_0_0
0x00000139,shaders\shader_templates\_0_2_0_1_7_0_0_0_0_0_0_0
0x0000013A,shaders\shader_templates\_0_2_0_1_7_0_0_0_0_0_0_0
0x0000013B,shaders\shader_templates\_0_2_0_1_10_1_0_0_0_0_0_0
0x0000013C,shaders\shader_templates\_0_2_0_1_10_1_0_0_0_0_0_0
0x0000013D,shaders\shader_templates\_0_2_0_1_10_1_0_0_0_0_0_0
0x0000013E,shaders\shader_templates\_0_1_0_2_5_1_0_3_0_0_0_0
0x0000013F,shaders\shader_templates\_0_1_0_2_5_1_0_3_0_0_0_0
0x00000140,shaders\shader_templates\_0_1_0_2_5_1_0_3_0_0_0_0
0x00000141,shaders\shader_templates\_0_2_0_1_10_0_0_0_0_0_0_0
0x00000142,shaders\shader_templates\_0_2_0_1_10_0_0_0_0_0_0_0
0x00000143,shaders\shader_templates\_0_2_0_1_10_0_0_0_0_0_0_0
0x00000144,shaders\shader_templates\_0_1_0_1_10_0_0_0_0_0_0_0
0x00000145,shaders\shader_templates\_0_1_0_1_10_0_0_0_0_0_0_0
0x00000146,shaders\shader_templates\_0_1_0_1_10_0_0_0_0_0_0_0
0x00000147,shaders\terrain_templates\_0_0_0_1_0_0
0x00000148,shaders\terrain_templates\_0_0_0_1_0_0
0x00000149,shaders\terrain_templates\_0_0_0_1_0_0
0x0000014A,shaders\shader_templates\_7_2_0_1_7_0_0_0_2_0_0_0
0x0000014B,shaders\shader_templates\_7_2_0_1_7_0_0_0_2_0_0_0
0x0000014C,shaders\shader_templates\_7_2_0_1_7_0_0_0_2_0_0_0
0x0000014D,shaders\shader_templates\_0_0_0_0_2_0_0_0_0_0_0_0
0x0000014E,shaders\shader_templates\_0_0_0_0_2_0_0_0_0_0_0_0
0x0000014F,shaders\shader_templates\_0_0_0_0_2_0_0_0_0_0_0_0
0x00000150,shaders\shader_templates\_0_0_0_1_0_0_1_0_0_0_0_0
0x00000151,shaders\shader_templates\_0_0_0_1_0_0_1_0_0_0_0_0
0x00000152,shaders\shader_templates\_0_0_0_1_0_0_1_0_0_0_0_0
0x00000153,shaders\shader_templates\_1_1_0_1_2_1_0_0_0_0_0_0
0x00000154,shaders\shader_templates\_1_1_0_1_2_1_0_0_0_0_0_0
0x00000155,shaders\shader_templates\_1_1_0_1_2_1_0_0_0_0_0_0
0x00000156,shaders\shader_templates\_0_1_1_1_10_0_0_0_0_0_0_0
0x00000157,shaders\shader_templates\_0_1_1_1_10_0_0_0_0_0_0_0
0x00000158,shaders\shader_templates\_0_1_1_1_10_0_0_0_0_0_0_0
0x00000159,shaders\water_templates\_0_0_1_1_0_0_1_2_0
0x0000015A,shaders\water_templates\_0_0_1_1_0_0_1_2_0
0x0000015B,shaders\water_templates\_0_0_1_1_0_0_1_2_0
0x0000015C,shaders\shader_templates\_7_1_0_0_10_1_0_3_0_0_0_0
0x0000015D,shaders\shader_templates\_7_1_0_0_10_1_0_3_0_0_0_0
0x0000015E,shaders\shader_templates\_7_1_0_0_10_1_0_3_0_0_0_0
0x0000015F,shaders\shader_templates\_0_0_1_0_3_0_0_0_0_2_0_0
0x00000160,shaders\shader_templates\_0_0_1_0_3_0_0_0_0_2_0_0
0x00000161,shaders\shader_templates\_0_0_1_0_3_0_0_0_0_2_0_0
0x00000162,shaders\shader_templates\_0_0_0_0_3_0_1_1_0_0_0_0
0x00000163,shaders\shader_templates\_0_0_0_0_3_0_1_1_0_0_0_0
0x00000164,shaders\shader_templates\_0_0_0_0_3_0_1_1_0_0_0_0
0x00000165,shaders\shader_templates\_0_1_0_1_10_2_0_0_0_0_0_0
0x00000166,shaders\shader_templates\_0_1_0_1_10_2_0_0_0_0_0_0
0x00000167,shaders\shader_templates\_0_1_0_1_10_2_0_0_0_0_0_0
0x00000168,shaders\shader_templates\_0_0_1_0_2_0_1_1_0_0_0_0
0x00000169,shaders\shader_templates\_0_0_1_0_2_0_1_1_0_0_0_0
0x0000016A,shaders\shader_templates\_0_0_1_0_2_0_1_1_0_0_0_0
0x0000016B,shaders\shader_templates\_0_1_1_2_2_0_2_0_0_0_0_0
0x0000016C,shaders\shader_templates\_0_1_1_2_2_0_2_0_0_0_0_0
0x0000016D,shaders\shader_templates\_0_1_1_2_2_0_2_0_0_0_0_0
0x0000016E,shaders\shader_templates\_7_2_0_1_10_2_0_0_0_0_0_0
0x0000016F,shaders\shader_templates\_7_2_0_1_10_2_0_0_0_0_0_0
0x00000170,shaders\shader_templates\_7_2_0_1_10_2_0_0_0_0_0_0
0x00000171,shaders\shader_templates\_0_1_1_1_10_2_0_0_0_0_0_0
0x00000172,shaders\shader_templates\_0_1_1_1_10_2_0_0_0_0_0_0
0x00000173,shaders\shader_templates\_0_1_1_1_10_2_0_0_0_0_0_0
0x00000174,shaders\shader_templates\_0_2_0_1_10_2_0_0_0_0_0_0
0x00000175,shaders\shader_templates\_0_2_0_1_10_2_0_0_0_0_0_0
0x00000176,shaders\shader_templates\_0_2_0_1_10_2_0_0_0_0_0_0
0x00000177,shaders\shader_templates\_0_2_0_1_6_0_1_0_0_0_0_0
0x00000178,shaders\shader_templates\_0_2_0_1_6_0_1_0_0_0_0_0
0x00000179,shaders\shader_templates\_0_2_0_1_6_0_1_0_0_0_0_0
0x0000017A,shaders\shader_templates\_0_1_0_1_11_2_0_0_0_0_0_0
0x0000017B,shaders\shader_templates\_0_1_0_1_11_2_0_0_0_0_0_0
0x0000017C,shaders\shader_templates\_0_1_0_1_11_2_0_0_0_0_0_0
0x0000017D,shaders\shader_templates\_0_2_0_1_10_2_1_0_0_0_0_0
0x0000017E,shaders\shader_templates\_0_2_0_1_10_2_1_0_0_0_0_0
0x0000017F,shaders\shader_templates\_0_2_0_1_10_2_1_0_0_0_0_0
0x00000180,shaders\shader_templates\_0_2_0_1_10_0_1_0_0_1_0_0
0x00000181,shaders\shader_templates\_0_2_0_1_10_0_1_0_0_1_0_0
0x00000182,shaders\shader_templates\_0_2_0_1_10_0_1_0_0_1_0_0
0x00000183,shaders\shader_templates\_0_1_0_1_10_2_0_0_0_1_0_0
0x00000184,shaders\shader_templates\_0_1_0_1_10_2_0_0_0_1_0_0
0x00000185,shaders\shader_templates\_0_1_0_1_10_2_0_0_0_1_0_0
0x00000186,shaders\shader_templates\_0_1_0_0_10_0_0_3_0_1_0_0
0x00000187,shaders\shader_templates\_0_1_0_0_10_0_0_3_0_1_0_0
0x00000188,shaders\shader_templates\_0_1_0_0_10_0_0_3_0_1_0_0
0x00000189,shaders\shader_templates\_0_2_0_2_10_2_0_0_0_0_0_0
0x0000018A,shaders\shader_templates\_0_2_0_2_10_2_0_0_0_0_0_0
0x0000018B,shaders\shader_templates\_0_2_0_2_10_2_0_0_0_0_0_0
0x0000018C,shaders\shader_templates\_0_0_0_0_10_2_0_0_0_0_0_0
0x0000018D,shaders\shader_templates\_0_0_0_0_10_2_0_0_0_0_0_0
0x0000018E,shaders\shader_templates\_0_0_0_0_10_2_0_0_0_0_0_0
0x0000018F,shaders\shader_templates\_0_2_0_2_10_0_0_0_0_1_0_0
0x00000190,shaders\shader_templates\_0_2_0_2_10_0_0_0_0_1_0_0
0x00000191,shaders\shader_templates\_0_2_0_2_10_0_0_0_0_1_0_0
0x00000192,shaders\shader_templates\_0_2_1_1_0_0_0_0_0_1_0_0
0x00000193,shaders\shader_templates\_0_2_1_1_0_0_0_0_0_1_0_0
0x00000194,shaders\shader_templates\_0_2_1_1_0_0_0_0_0_1_0_0
0x00000195,shaders\shader_templates\_0_2_0_1_10_2_0_0_0_1_0_0
0x00000196,shaders\shader_templates\_0_2_0_1_10_2_0_0_0_1_0_0
0x00000197,shaders\shader_templates\_0_2_0_1_10_2_0_0_0_1_0_0
0x00000198,shaders\shader_templates\_0_2_0_2_10_0_1_0_0_1_0_0
0x00000199,shaders\shader_templates\_0_2_0_2_10_0_1_0_0_1_0_0
0x0000019A,shaders\shader_templates\_0_2_0_2_10_0_1_0_0_1_0_0
0x0000019B,shaders\shader_templates\_0_1_1_0_10_0_0_3_0_0_0_0
0x0000019C,shaders\shader_templates\_0_1_1_0_10_0_0_3_0_0_0_0
0x0000019D,shaders\shader_templates\_0_1_1_0_10_0_0_3_0_0_0_0
0x0000019E,shaders\cortana_templates\_0_0_0_0_2_0_0_0_0
0x0000019F,shaders\cortana_templates\_0_0_0_0_2_0_0_0_0
0x000001A0,shaders\cortana_templates\_0_0_0_0_2_0_0_0_0
0x000001A1,shaders\cortana_templates\_0_0_1_0_2_0_0_0_0
0x000001A2,shaders\cortana_templates\_0_0_1_0_2_0_0_0_0
0x000001A3,shaders\cortana_templates\_0_0_1_0_2_0_0_0_0
0x000001A4,shaders\shader_templates\_3_2_0_1_10_2_0_0_0_1_0_0
0x000001A5,shaders\shader_templates\_3_2_0_1_10_2_0_0_0_1_0_0
0x000001A6,shaders\shader_templates\_3_2_0_1_10_2_0_0_0_1_0_0
0x000001A7,shaders\shader_templates\_0_2_0_1_10_2_5_0_0_1_0_0
0x000001A8,shaders\shader_templates\_0_2_0_1_10_2_5_0_0_1_0_0
0x000001A9,shaders\shader_templates\_0_2_0_1_10_2_5_0_0_1_0_0
0x000001AA,shaders\shader_templates\_0_0_0_1_4_0_1_0_0_1_0_0
0x000001AB,shaders\shader_templates\_0_0_0_1_4_0_1_0_0_1_0_0
0x000001AC,shaders\shader_templates\_0_0_0_1_4_0_1_0_0_1_0_0
0x000001AD,shaders\shader_templates\_0_2_0_1_10_1_0_0_0_1_0_0
0x000001AE,shaders\shader_templates\_0_2_0_1_10_1_0_0_0_1_0_0
0x000001AF,shaders\shader_templates\_0_2_0_1_10_1_0_0_0_1_0_0
0x000001B0,shaders\shader_templates\_2_0_0_0_4_0_4_0_0_1_0_0
0x000001B1,shaders\shader_templates\_2_0_0_0_4_0_4_0_0_1_0_0
0x000001B2,shaders\shader_templates\_2_0_0_0_4_0_4_0_0_1_0_0
0x000001B3,shaders\shader_templates\_0_2_0_1_10_0_0_0_0_1_0_0
0x000001B4,shaders\shader_templates\_0_2_0_1_10_0_0_0_0_1_0_0
0x000001B5,shaders\shader_templates\_0_2_0_1_10_0_0_0_0_1_0_0
0x000001B6,shaders\shader_templates\_0_0_1_0_0_0_2_0_0_1_0_0
0x000001B7,shaders\shader_templates\_0_0_1_0_0_0_2_0_0_1_0_0
0x000001B8,shaders\shader_templates\_0_0_1_0_0_0_2_0_0_1_0_0
0x000001B9,shaders\shader_templates\_0_0_0_0_0_1_0_1_0_1_0_0
0x000001BA,shaders\shader_templates\_0_0_0_0_0_1_0_1_0_1_0_0
0x000001BB,shaders\shader_templates\_0_0_0_0_0_1_0_1_0_1_0_0
0x000001BC,shaders\shader_templates\_0_2_0_1_10_0_4_0_0_1_0_0
0x000001BD,shaders\shader_templates\_0_2_0_1_10_0_4_0_0_1_0_0
0x000001BE,shaders\shader_templates\_0_2_0_1_10_0_4_0_0_1_0_0
0x000001BF,shaders\shader_templates\_0_0_0_1_4_2_1_0_0_1_0_0
0x000001C0,shaders\shader_templates\_0_0_0_1_4_2_1_0_0_1_0_0
0x000001C1,shaders\shader_templates\_0_0_0_1_4_2_1_0_0_1_0_0
0x000001C2,shaders\shader_templates\_0_2_1_1_10_0_1_0_0_1_0_0
0x000001C3,shaders\shader_templates\_0_2_1_1_10_0_1_0_0_1_0_0
0x000001C4,shaders\shader_templates\_0_2_1_1_10_0_1_0_0_1_0_0
0x000001C5,shaders\beam_templates\_2_8_0_0_0
0x000001C6,shaders\beam_templates\_2_8_0_0_0
0x000001C7,shaders\beam_templates\_2_8_0_0_0
0x000001C8,shaders\halogram_templates\_0_11_0_2_0_2_0_0_0
0x000001C9,shaders\halogram_templates\_0_11_0_2_0_2_0_0_0
0x000001CA,shaders\halogram_templates\_0_11_0_2_0_2_0_0_0
0x000001CB,shaders\shader_templates\_0_1_0_0_10_0_1_1_0_1_0_0
0x000001CC,shaders\shader_templates\_0_1_0_0_10_0_1_1_0_1_0_0
0x000001CD,shaders\shader_templates\_0_1_0_0_10_0_1_1_0_1_0_0
0x000001CE,shaders\shader_templates\_0_0_0_0_0_2_0_1_0_1_0_0
0x000001CF,shaders\shader_templates\_0_0_0_0_0_2_0_1_0_1_0_0
0x000001D0,shaders\shader_templates\_0_0_0_0_0_2_0_1_0_1_0_0
0x000001D1,shaders\shader_templates\_2_0_0_0_10_1_0_3_0_0_0_0
0x000001D2,shaders\shader_templates\_2_0_0_0_10_1_0_3_0_0_0_0
0x000001D3,shaders\shader_templates\_2_0_0_0_10_1_0_3_0_0_0_0
0x000001D4,shaders\shader_templates\_0_1_0_0_10_0_0_0_0_0_0_0
0x000001D5,shaders\shader_templates\_0_1_0_0_10_0_0_0_0_0_0_0
0x000001D6,shaders\shader_templates\_0_1_0_0_10_0_0_0_0_0_0_0
0x000001D7,shaders\shader_templates\_0_2_1_1_0_2_0_0_0_1_0_0
0x000001D8,shaders\shader_templates\_0_2_1_1_0_2_0_0_0_1_0_0
0x000001D9,shaders\shader_templates\_0_2_1_1_0_2_0_0_0_1_0_0
0x000001DA,shaders\shader_templates\_0_0_1_0_0_0_1_0_0_1_0_0
0x000001DB,shaders\shader_templates\_0_0_1_0_0_0_1_0_0_1_0_0
0x000001DC,shaders\shader_templates\_0_0_1_0_0_0_1_0_0_1_0_0
0x000001DD,shaders\shader_templates\_0_0_1_0_0_2_1_0_0_2_0_0
0x000001DE,shaders\shader_templates\_0_0_1_0_0_2_1_0_0_2_0_0
0x000001DF,shaders\shader_templates\_0_0_1_0_0_2_1_0_0_2_0_0
0x000001E0,shaders\shader_templates\_2_0_0_1_4_0_4_0_0_1_0_0
0x000001E1,shaders\shader_templates\_2_0_0_1_4_0_4_0_0_1_0_0
0x000001E2,shaders\shader_templates\_2_0_0_1_4_0_4_0_0_1_0_0
0x000001E3,shaders\shader_templates\_0_0_0_1_0_0_3_1_0_1_0_0
0x000001E4,shaders\shader_templates\_0_0_0_1_0_0_3_1_0_1_0_0
0x000001E5,shaders\shader_templates\_0_0_0_1_0_0_3_1_0_1_0_0
0x000001E6,shaders\shader_templates\_0_0_0_0_0_0_3_1_1_2_0_0
0x000001E7,shaders\shader_templates\_0_0_0_0_0_0_3_1_1_2_0_0
0x000001E8,shaders\shader_templates\_0_0_0_0_0_0_3_1_1_2_0_0
0x000001E9,shaders\shader_templates\_0_2_0_1_10_2_1_0_0_1_0_0
0x000001EA,shaders\shader_templates\_0_2_0_1_10_2_1_0_0_1_0_0
0x000001EB,shaders\shader_templates\_0_2_0_1_10_2_1_0_0_1_0_0
0x000001EC,shaders\shader_templates\_0_0_0_1_0_0_0_3_0_0_0_0
0x000001ED,shaders\shader_templates\_0_0_0_1_0_0_0_3_0_0_0_0
0x000001EE,shaders\shader_templates\_0_0_0_1_0_0_0_3_0_0_0_0
0x000001EF,shaders\shader_templates\_0_1_0_1_10_2_1_0_0_1_0_0
0x000001F0,shaders\shader_templates\_0_1_0_1_10_2_1_0_0_1_0_0
0x000001F1,shaders\shader_templates\_0_1_0_1_10_2_1_0_0_1_0_0
0x000001F2,shaders\shader_templates\_0_2_0_2_10_2_0_0_0_1_0_0
0x000001F3,shaders\shader_templates\_0_2_0_2_10_2_0_0_0_1_0_0
0x000001F4,shaders\shader_templates\_0_2_0_2_10_2_0_0_0_1_0_0
0x000001F5,shaders\halogram_templates\_0_11_0_0_0_2_0_0_0
0x000001F6,shaders\halogram_templates\_0_11_0_0_0_2_0_0_0
0x000001F7,shaders\halogram_templates\_0_11_0_0_0_2_0_0_0
0x000001F8,shaders\shader_templates\_0_0_0_0_10_0_4_1_0_0_0_0
0x000001F9,shaders\shader_templates\_0_0_0_0_10_0_4_1_0_0_0_0
0x000001FA,shaders\shader_templates\_0_0_0_0_10_0_4_1_0_0_0_0
0x000001FB,shaders\shader_templates\_3_2_0_1_2_2_1_0_0_0_0_0
0x000001FC,shaders\shader_templates\_3_2_0_1_2_2_1_0_0_0_0_0
0x000001FD,shaders\shader_templates\_3_2_0_1_2_2_1_0_0_0_0_0
0x000001FE,shaders\shader_templates\_3_2_1_1_2_2_0_0_0_0_0_0
0x000001FF,shaders\shader_templates\_3_2_1_1_2_2_0_0_0_0_0_0
0x00000200,shaders\shader_templates\_3_2_1_1_2_2_0_0_0_0_0_0
0x00000201,shaders\shader_templates\_0_2_0_1_2_2_2_0_1_0_0_0
0x00000202,shaders\shader_templates\_0_2_0_1_2_2_2_0_1_0_0_0
0x00000203,shaders\shader_templates\_0_2_0_1_2_2_2_0_1_0_0_0
0x00000204,shaders\shader_templates\_3_2_0_1_12_2_0_0_0_0_0_0
0x00000205,shaders\shader_templates\_3_2_0_1_12_2_0_0_0_0_0_0
0x00000206,shaders\shader_templates\_3_2_0_1_12_2_0_0_0_0_0_0
0x00000207,shaders\shader_templates\_3_2_0_1_12_2_1_0_0_0_0_0
0x00000208,shaders\shader_templates\_3_2_0_1_12_2_1_0_0_0_0_0
0x00000209,shaders\shader_templates\_3_2_0_1_12_2_1_0_0_0_0_0
0x0000020A,shaders\shader_templates\_0_2_0_1_12_2_2_0_1_0_0_0
0x0000020B,shaders\shader_templates\_0_2_0_1_12_2_2_0_1_0_0_0
0x0000020C,shaders\shader_templates\_0_2_0_1_12_2_2_0_1_0_0_0
0x0000020D,shaders\shader_templates\_0_0_0_1_10_2_0_0_0_1_0_0
0x0000020E,shaders\shader_templates\_0_0_0_1_10_2_0_0_0_1_0_0
0x0000020F,shaders\shader_templates\_0_0_0_1_10_2_0_0_0_1_0_0
0x00000210,shaders\shader_templates\_3_0_0_1_10_2_0_0_0_1_0_0
0x00000211,shaders\shader_templates\_3_0_0_1_10_2_0_0_0_1_0_0
0x00000212,shaders\shader_templates\_3_0_0_1_10_2_0_0_0_1_0_0
0x00000213,shaders\shader_templates\_7_2_0_1_10_2_0_0_0_1_0_0
0x00000214,shaders\shader_templates\_7_2_0_1_10_2_0_0_0_1_0_0
0x00000215,shaders\shader_templates\_7_2_0_1_10_2_0_0_0_1_0_0
0x00000216,shaders\shader_templates\_0_2_0_1_10_2_2_0_1_0_0_0
0x00000217,shaders\shader_templates\_0_2_0_1_10_2_2_0_1_0_0_0
0x00000218,shaders\shader_templates\_0_2_0_1_10_2_2_0_1_0_0_0
0x00000219,shaders\shader_templates\_0_2_0_1_10_1_1_0_0_0_0_0
0x0000021A,shaders\shader_templates\_0_2_0_1_10_1_1_0_0_0_0_0
0x0000021B,shaders\shader_templates\_0_2_0_1_10_1_1_0_0_0_0_0
0x0000021C,shaders\particle_templates\_0_10_0_0_1_0_1_1_0_0
0x0000021D,shaders\particle_templates\_0_10_0_0_1_0_1_1_0_0
0x0000021E,shaders\particle_templates\_0_10_0_0_1_0_1_1_0_0
0x0000021F,shaders\particle_templates\_1_10_0_0_1_1_1_0_1_0
0x00000220,shaders\particle_templates\_1_10_0_0_1_1_1_0_1_0
0x00000221,shaders\particle_templates\_1_10_0_0_1_1_1_0_1_0
0x00000222,shaders\shader_templates\_3_2_0_1_10_2_1_0_0_0_0_0
0x00000223,shaders\shader_templates\_3_2_0_1_10_2_1_0_0_0_0_0
0x00000224,shaders\shader_templates\_3_2_0_1_10_2_1_0_0_0_0_0
0x00000225,shaders\shader_templates\_3_2_0_1_2_1_1_0_0_0_0_0
0x00000226,shaders\shader_templates\_3_2_0_1_2_1_1_0_0_0_0_0
0x00000227,shaders\shader_templates\_3_2_0_1_2_1_1_0_0_0_0_0
0x00000228,shaders\shader_templates\_3_2_0_1_10_2_0_0_0_0_0_0
0x00000229,shaders\shader_templates\_3_2_0_1_10_2_0_0_0_0_0_0
0x0000022A,shaders\shader_templates\_3_2_0_1_10_2_0_0_0_0_0_0
0x0000022B,shaders\shader_templates\_0_1_0_0_10_2_1_0_0_0_0_0
0x0000022C,shaders\shader_templates\_0_1_0_0_10_2_1_0_0_0_0_0
0x0000022D,shaders\shader_templates\_0_1_0_0_10_2_1_0_0_0_0_0
0x0000022E,shaders\shader_templates\_0_2_0_0_6_0_1_0_0_0_0_0
0x0000022F,shaders\shader_templates\_0_2_0_0_6_0_1_0_0_0_0_0
0x00000230,shaders\shader_templates\_0_2_0_0_6_0_1_0_0_0_0_0
0x00000231,shaders\shader_templates\_0_2_0_0_6_1_0_0_0_0_0_0
0x00000232,shaders\shader_templates\_0_2_0_0_6_1_0_0_0_0_0_0
0x00000233,shaders\shader_templates\_0_2_0_0_6_1_0_0_0_0_0_0
0x00000234,shaders\shader_templates\_0_0_1_2_10_2_0_0_0_0_0_0
0x00000235,shaders\shader_templates\_0_0_1_2_10_2_0_0_0_0_0_0
0x00000236,shaders\shader_templates\_0_0_1_2_10_2_0_0_0_0_0_0
0x00000237,shaders\shader_templates\_0_1_0_1_10_2_0_3_0_0_0_0
0x00000238,shaders\shader_templates\_0_1_0_1_10_2_0_3_0_0_0_0
0x00000239,shaders\shader_templates\_0_1_0_1_10_2_0_3_0_0_0_0
0x0000023A,shaders\shader_templates\_3_1_0_1_10_2_0_0_0_0_0_0
0x0000023B,shaders\shader_templates\_3_1_0_1_10_2_0_0_0_0_0_0
0x0000023C,shaders\shader_templates\_3_1_0_1_10_2_0_0_0_0_0_0
0x0000023D,shaders\shader_templates\_0_1_0_1_10_2_1_0_0_0_0_0
0x0000023E,shaders\shader_templates\_0_1_0_1_10_2_1_0_0_0_0_0
0x0000023F,shaders\shader_templates\_0_1_0_1_10_2_1_0_0_0_0_0
0x00000240,shaders\shader_templates\_0_0_0_1_2_2_1_0_0_0_0_0
0x00000241,shaders\shader_templates\_0_0_0_1_2_2_1_0_0_0_0_0
0x00000242,shaders\shader_templates\_0_0_0_1_2_2_1_0_0_0_0_0
0x00000243,shaders\shader_templates\_0_0_0_1_10_0_0_0_0_0_0_0
0x00000244,shaders\shader_templates\_0_0_0_1_10_0_0_0_0_0_0_0
0x00000245,shaders\shader_templates\_0_0_0_1_10_0_0_0_0_0_0_0
0x00000246,shaders\shader_templates\_0_0_0_1_2_0_0_0_0_0_0_0
0x00000247,shaders\shader_templates\_0_0_0_1_2_0_0_0_0_0_0_0
0x00000248,shaders\shader_templates\_0_0_0_1_2_0_0_0_0_0_0_0
0x00000249,shaders\shader_templates\_3_1_0_1_2_2_0_0_0_0_0_0
0x0000024A,shaders\shader_templates\_3_1_0_1_2_2_0_0_0_0_0_0
0x0000024B,shaders\shader_templates\_3_1_0_1_2_2_0_0_0_0_0_0
0x0000024C,shaders\shader_templates\_3_0_1_0_0_0_0_0_0_0_0_0
0x0000024D,shaders\shader_templates\_3_0_1_0_0_0_0_0_0_0_0_0
0x0000024E,shaders\shader_templates\_3_0_1_0_0_0_0_0_0_0_0_0
0x0000024F,shaders\shader_templates\_0_0_0_0_10_0_0_0_0_0_0_0
0x00000250,shaders\shader_templates\_0_0_0_0_10_0_0_0_0_0_0_0
0x00000251,shaders\shader_templates\_0_0_0_0_10_0_0_0_0_0_0_0
0x00000252,shaders\shader_templates\_0_0_0_1_10_1_0_0_0_0_0_0
0x00000253,shaders\shader_templates\_0_0_0_1_10_1_0_0_0_0_0_0
0x00000254,shaders\shader_templates\_0_0_0_1_10_1_0_0_0_0_0_0
0x00000255,shaders\shader_templates\_0_1_0_1_10_0_2_0_0_0_0_0
0x00000256,shaders\shader_templates\_0_1_0_1_10_0_2_0_0_0_0_0
0x00000257,shaders\shader_templates\_0_1_0_1_10_0_2_0_0_0_0_0
0x00000258,shaders\shader_templates\_2_0_0_1_10_0_0_0_0_0_0_0
0x00000259,shaders\shader_templates\_2_0_0_1_10_0_0_0_0_0_0_0
0x0000025A,shaders\shader_templates\_2_0_0_1_10_0_0_0_0_0_0_0
0x0000025B,shaders\shader_templates\_0_1_0_2_2_1_0_3_1_0_0_0
0x0000025C,shaders\shader_templates\_0_1_0_2_2_1_0_3_1_0_0_0
0x0000025D,shaders\shader_templates\_0_1_0_2_2_1_0_3_1_0_0_0
0x0000025E,shaders\shader_templates\_0_1_0_1_10_1_0_0_0_0_0_0
0x0000025F,shaders\shader_templates\_0_1_0_1_10_1_0_0_0_0_0_0
0x00000260,shaders\shader_templates\_0_1_0_1_10_1_0_0_0_0_0_0
0x00000261,shaders\shader_templates\_0_0_0_2_2_2_0_3_1_0_0_0
0x00000262,shaders\shader_templates\_0_0_0_2_2_2_0_3_1_0_0_0
0x00000263,shaders\shader_templates\_0_0_0_2_2_2_0_3_1_0_0_0
0x00000264,shaders\shader_templates\_0_0_0_2_2_1_0_3_0_0_0_0
0x00000265,shaders\shader_templates\_0_0_0_2_2_1_0_3_0_0_0_0
0x00000266,shaders\shader_templates\_0_0_0_2_2_1_0_3_0_0_0_0
0x00000267,shaders\shader_templates\_0_1_0_1_0_0_2_0_0_0_0_0
0x00000268,shaders\shader_templates\_0_1_0_1_0_0_2_0_0_0_0_0
0x00000269,shaders\shader_templates\_0_1_0_1_0_0_2_0_0_0_0_0
0x0000026A,shaders\shader_templates\_0_0_0_0_0_0_2_1_0_0_0_0
0x0000026B,shaders\shader_templates\_0_0_0_0_0_0_2_1_0_0_0_0
0x0000026C,shaders\shader_templates\_0_0_0_0_0_0_2_1_0_0_0_0
0x0000026D,shaders\shader_templates\_0_1_0_0_0_0_2_0_0_0_0_0
0x0000026E,shaders\shader_templates\_0_1_0_0_0_0_2_0_0_0_0_0
0x0000026F,shaders\shader_templates\_0_1_0_0_0_0_2_0_0_0_0_0
0x00000270,shaders\shader_templates\_0_0_0_1_10_1_1_3_0_0_0_0
0x00000271,shaders\shader_templates\_0_0_0_1_10_1_1_3_0_0_0_0
0x00000272,shaders\shader_templates\_0_0_0_1_10_1_1_3_0_0_0_0
0x00000273,shaders\shader_templates\_0_1_0_0_0_0_1_3_0_0_0_0
0x00000274,shaders\shader_templates\_0_1_0_0_0_0_1_3_0_0_0_0
0x00000275,shaders\shader_templates\_0_1_0_0_0_0_1_3_0_0_0_0
0x00000276,shaders\shader_templates\_0_1_0_2_10_1_0_0_0_0_0_0
0x00000277,shaders\shader_templates\_0_1_0_2_10_1_0_0_0_0_0_0
0x00000278,shaders\shader_templates\_0_1_0_2_10_1_0_0_0_0_0_0
0x00000279,shaders\shader_templates\_0_1_0_1_10_1_1_0_0_0_0_0
0x0000027A,shaders\shader_templates\_0_1_0_1_10_1_1_0_0_0_0_0
0x0000027B,shaders\shader_templates\_0_1_0_1_10_1_1_0_0_0_0_0
0x0000027C,shaders\shader_templates\_8_0_0_0_0_0_4_3_0_1_0_0
0x0000027D,shaders\shader_templates\_8_0_0_0_0_0_4_3_0_1_0_0
0x0000027E,shaders\shader_templates\_8_0_0_0_0_0_4_3_0_1_0_0
0x0000027F,shaders\shader_templates\_8_0_0_0_0_0_4_0_0_1_0_0
0x00000280,shaders\shader_templates\_8_0_0_0_0_0_4_0_0_1_0_0
0x00000281,shaders\shader_templates\_8_0_0_0_0_0_4_0_0_1_0_0
0x00000282,shaders\shader_templates\_0_0_0_0_0_0_0_2_0_0_0_0
0x00000283,shaders\shader_templates\_0_0_0_0_0_0_0_2_0_0_0_0
0x00000284,shaders\shader_templates\_0_0_0_0_0_0_0_2_0_0_0_0
0x00000285,shaders\shader_templates\_0_2_0_1_11_2_0_0_0_0_0_0
0x00000286,shaders\shader_templates\_0_2_0_1_11_2_0_0_0_0_0_0
0x00000287,shaders\shader_templates\_0_2_0_1_11_2_0_0_0_0_0_0
0x00000288,shaders\shader_templates\_0_2_0_0_10_0_1_0_0_0_0_0
0x00000289,shaders\shader_templates\_0_2_0_0_10_0_1_0_0_0_0_0
0x0000028A,shaders\shader_templates\_0_2_0_0_10_0_1_0_0_0_0_0
0x0000028B,shaders\shader_templates\_0_2_1_0_10_0_0_0_0_0_0_0
0x0000028C,shaders\shader_templates\_0_2_1_0_10_0_0_0_0_0_0_0
0x0000028D,shaders\shader_templates\_0_2_1_0_10_0_0_0_0_0_0_0
0x0000028E,shaders\shader_templates\_0_1_0_0_10_0_2_0_0_0_0_0
0x0000028F,shaders\shader_templates\_0_1_0_0_10_0_2_0_0_0_0_0
0x00000290,shaders\shader_templates\_0_1_0_0_10_0_2_0_0_0_0_0
0x00000291,shaders\shader_templates\_0_2_0_0_10_0_0_0_0_0_0_0
0x00000292,shaders\shader_templates\_0_2_0_0_10_0_0_0_0_0_0_0
0x00000293,shaders\shader_templates\_0_2_0_0_10_0_0_0_0_0_0_0
0x00000294,shaders\shader_templates\_0_0_0_0_10_0_1_0_0_0_0_0
0x00000295,shaders\shader_templates\_0_0_0_0_10_0_1_0_0_0_0_0
0x00000296,shaders\shader_templates\_0_0_0_0_10_0_1_0_0_0_0_0
0x00000297,shaders\shader_templates\_0_0_0_1_10_0_2_0_0_0_0_0
0x00000298,shaders\shader_templates\_0_0_0_1_10_0_2_0_0_0_0_0
0x00000299,shaders\shader_templates\_0_0_0_1_10_0_2_0_0_0_0_0
0x0000029A,shaders\shader_templates\_0_1_1_0_0_0_0_0_0_0_0_0
0x0000029B,shaders\shader_templates\_0_1_1_0_0_0_0_0_0_0_0_0
0x0000029C,shaders\shader_templates\_0_1_1_0_0_0_0_0_0_0_0_0
0x0000029D,shaders\shader_templates\_0_1_0_1_0_0_1_0_0_0_0_0
0x0000029E,shaders\shader_templates\_0_1_0_1_0_0_1_0_0_0_0_0
0x0000029F,shaders\shader_templates\_0_1_0_1_0_0_1_0_0_0_0_0
0x000002A0,shaders\shader_templates\_0_0_0_0_0_0_3_4_0_0_0_0
0x000002A1,shaders\shader_templates\_0_0_0_0_0_0_3_4_0_0_0_0
0x000002A2,shaders\shader_templates\_0_0_0_0_0_0_3_4_0_0_0_0
0x000002A3,shaders\shader_templates\_0_1_0_0_10_0_1_0_0_0_0_0
0x000002A4,shaders\shader_templates\_0_1_0_0_10_0_1_0_0_0_0_0
0x000002A5,shaders\shader_templates\_0_1_0_0_10_0_1_0_0_0_0_0
0x000002A6,shaders\shader_templates\_3_2_0_1_2_2_0_0_1_0_0_0
0x000002A7,shaders\shader_templates\_3_2_0_1_2_2_0_0_1_0_0_0
0x000002A8,shaders\shader_templates\_3_2_0_1_2_2_0_0_1_0_0_0
0x000002A9,shaders\shader_templates\_0_1_0_2_2_2_2_3_0_0_0_0
0x000002AA,shaders\shader_templates\_0_1_0_2_2_2_2_3_0_0_0_0
0x000002AB,shaders\shader_templates\_0_1_0_2_2_2_2_3_0_0_0_0
0x000002AC,shaders\shader_templates\_7_1_0_1_2_2_1_0_0_0_0_0
0x000002AD,shaders\shader_templates\_7_1_0_1_2_2_1_0_0_0_0_0
0x000002AE,shaders\shader_templates\_7_1_0_1_2_2_1_0_0_0_0_0
0x000002AF,shaders\shader_templates\_0_0_0_1_0_0_1_1_0_0_0_0
0x000002B0,shaders\shader_templates\_0_0_0_1_0_0_1_1_0_0_0_0
0x000002B1,shaders\shader_templates\_0_0_0_1_0_0_1_1_0_0_0_0
0x000002B2,shaders\shader_templates\_3_2_0_1_6_1_0_0_0_0_0_0
0x000002B3,shaders\shader_templates\_3_2_0_1_6_1_0_0_0_0_0_0
0x000002B4,shaders\shader_templates\_3_2_0_1_6_1_0_0_0_0_0_0
0x000002B5,shaders\shader_templates\_4_1_0_0_6_1_0_0_0_0_0_0
0x000002B6,shaders\shader_templates\_4_1_0_0_6_1_0_0_0_0_0_0
0x000002B7,shaders\shader_templates\_4_1_0_0_6_1_0_0_0_0_0_0
0x000002B8,shaders\shader_templates\_0_1_1_2_10_2_0_0_0_0_0_0
0x000002B9,shaders\shader_templates\_0_1_1_2_10_2_0_0_0_0_0_0
0x000002BA,shaders\shader_templates\_0_1_1_2_10_2_0_0_0_0_0_0
0x000002BB,shaders\shader_templates\_0_2_0_2_6_2_0_0_0_0_0_0
0x000002BC,shaders\shader_templates\_0_2_0_2_6_2_0_0_0_0_0_0
0x000002BD,shaders\shader_templates\_0_2_0_2_6_2_0_0_0_0_0_0
0x000002BE,shaders\shader_templates\_0_1_1_1_6_2_0_0_0_0_0_0
0x000002BF,shaders\shader_templates\_0_1_1_1_6_2_0_0_0_0_0_0
0x000002C0,shaders\shader_templates\_0_1_1_1_6_2_0_0_0_0_0_0
0x000002C1,shaders\shader_templates\_0_2_0_0_6_2_0_0_0_0_0_0
0x000002C2,shaders\shader_templates\_0_2_0_0_6_2_0_0_0_0_0_0
0x000002C3,shaders\shader_templates\_0_2_0_0_6_2_0_0_0_0_0_0
0x000002C4,shaders\shader_templates\_1_1_0_0_6_2_0_0_0_0_0_0
0x000002C5,shaders\shader_templates\_1_1_0_0_6_2_0_0_0_0_0_0
0x000002C6,shaders\shader_templates\_1_1_0_0_6_2_0_0_0_0_0_0
0x000002C7,shaders\shader_templates\_0_1_0_0_2_1_7_0_0_1_0_0
0x000002C8,shaders\shader_templates\_0_1_0_0_2_1_7_0_0_1_0_0
0x000002C9,shaders\shader_templates\_0_1_0_0_2_1_7_0_0_1_0_0
0x000002CA,shaders\shader_templates\_0_2_0_1_2_1_1_0_0_1_0_0
0x000002CB,shaders\shader_templates\_0_2_0_1_2_1_1_0_0_1_0_0
0x000002CC,shaders\shader_templates\_0_2_0_1_2_1_1_0_0_1_0_0
0x000002CD,shaders\shader_templates\_0_2_0_0_2_1_1_0_0_0_0_0
0x000002CE,shaders\shader_templates\_0_2_0_0_2_1_1_0_0_0_0_0
0x000002CF,shaders\shader_templates\_0_2_0_0_2_1_1_0_0_0_0_0
0x000002D0,shaders\shader_templates\_0_0_0_0_2_1_0_5_0_1_0_0
0x000002D1,shaders\shader_templates\_0_0_0_0_2_1_0_5_0_1_0_0
0x000002D2,shaders\shader_templates\_0_0_0_0_2_1_0_5_0_1_0_0
0x000002D3,shaders\shader_templates\_3_1_0_1_2_1_1_0_0_1_0_0
0x000002D4,shaders\shader_templates\_3_1_0_1_2_1_1_0_0_1_0_0
0x000002D5,shaders\shader_templates\_3_1_0_1_2_1_1_0_0_1_0_0
0x000002D6,shaders\shader_templates\_8_0_0_0_0_0_8_1_0_0_0_1
0x000002D7,shaders\shader_templates\_8_0_0_0_0_0_8_1_0_0_0_1
0x000002D8,shaders\shader_templates\_8_0_0_0_0_0_8_1_0_0_0_1
0x000002D9,shaders\shader_templates\_3_1_0_1_2_1_0_0_0_0_0_0
0x000002DA,shaders\shader_templates\_3_1_0_1_2_1_0_0_0_0_0_0
0x000002DB,shaders\shader_templates\_3_1_0_1_2_1_0_0_0_0_0_0
0x000002DC,shaders\shader_templates\_3_1_0_1_2_1_8_0_0_1_0_0
0x000002DD,shaders\shader_templates\_3_1_0_1_2_1_8_0_0_1_0_0
0x000002DE,shaders\shader_templates\_3_1_0_1_2_1_8_0_0_1_0_0
0x000002DF,shaders\shader_templates\_0_0_0_0_0_0_7_1_0_1_0_0
0x000002E0,shaders\shader_templates\_0_0_0_0_0_0_7_1_0_1_0_0
0x000002E1,shaders\shader_templates\_0_0_0_0_0_0_7_1_0_1_0_0
0x000002E2,shaders\shader_templates\_0_1_0_1_2_1_5_0_0_1_0_0
0x000002E3,shaders\shader_templates\_0_1_0_1_2_1_5_0_0_1_0_0
0x000002E4,shaders\shader_templates\_0_1_0_1_2_1_5_0_0_1_0_0
0x000002E5,shaders\shader_templates\_0_0_0_1_2_1_8_3_0_0_0_0
0x000002E6,shaders\shader_templates\_0_0_0_1_2_1_8_3_0_0_0_0
0x000002E7,shaders\shader_templates\_0_0_0_1_2_1_8_3_0_0_0_0
0x000002E8,shaders\shader_templates\_3_1_0_1_2_0_0_0_0_0_0_0
0x000002E9,shaders\shader_templates\_3_1_0_1_2_0_0_0_0_0_0_0
0x000002EA,shaders\shader_templates\_3_1_0_1_2_0_0_0_0_0_0_0
0x000002EB,shaders\decal_templates\_0_5_1_0_0_3
0x000002EC,shaders\decal_templates\_0_5_1_0_0_3
0x000002ED,shaders\decal_templates\_0_5_1_0_0_3
0x000002EE,shaders\shader_templates\_0_0_0_2_2_0_0_3_0_0_0_0
0x000002EF,shaders\shader_templates\_0_0_0_2_2_0_0_3_0_0_0_0
0x000002F0,shaders\shader_templates\_0_0_0_2_2_0_0_3_0_0_0_0
0x000002F1,shaders\shader_templates\_0_0_0_1_2_1_1_3_0_0_0_0
0x000002F2,shaders\shader_templates\_0_0_0_1_2_1_1_3_0_0_0_0
0x000002F3,shaders\shader_templates\_0_0_0_1_2_1_1_3_0_0_0_0
0x000002F4,shaders\shader_templates\_0_2_0_1_10_2_0_0_1_0_0_0
0x000002F5,shaders\shader_templates\_0_2_0_1_10_2_0_0_1_0_0_0
0x000002F6,shaders\shader_templates\_0_2_0_1_10_2_0_0_1_0_0_0
0x000002F7,shaders\shader_templates\_1_1_0_1_5_2_1_1_0_0_0_0
0x000002F8,shaders\shader_templates\_1_1_0_1_5_2_1_1_0_0_0_0
0x000002F9,shaders\shader_templates\_1_1_0_1_5_2_1_1_0_0_0_0
0x000002FA,shaders\shader_templates\_0_0_1_1_10_2_0_0_0_0_0_0
0x000002FB,shaders\shader_templates\_0_0_1_1_10_2_0_0_0_0_0_0
0x000002FC,shaders\shader_templates\_0_0_1_1_10_2_0_0_0_0_0_0
0x000002FD,shaders\shader_templates\_0_1_1_2_5_2_0_1_0_0_0_0
0x000002FE,shaders\shader_templates\_0_1_1_2_5_2_0_1_0_0_0_0
0x000002FF,shaders\shader_templates\_0_1_1_2_5_2_0_1_0_0_0_0
0x00000300,shaders\shader_templates\_0_2_0_1_11_2_0_0_1_0_0_0
0x00000301,shaders\shader_templates\_0_2_0_1_11_2_0_0_1_0_0_0
0x00000302,shaders\shader_templates\_0_2_0_1_11_2_0_0_1_0_0_0
0x00000303,shaders\shader_templates\_0_1_0_1_10_2_2_0_0_0_0_0
0x00000304,shaders\shader_templates\_0_1_0_1_10_2_2_0_0_0_0_0
0x00000305,shaders\shader_templates\_0_1_0_1_10_2_2_0_0_0_0_0
0x00000306,shaders\shader_templates\_2_0_0_0_0_0_8_1_0_0_0_0
0x00000307,shaders\shader_templates\_2_0_0_0_0_0_8_1_0_0_0_0
0x00000308,shaders\shader_templates\_2_0_0_0_0_0_8_1_0_0_0_0
0x00000309,shaders\shader_templates\_0_5_0_1_11_2_1_0_0_1_0_0
0x0000030A,shaders\shader_templates\_0_5_0_1_11_2_1_0_0_1_0_0
0x0000030B,shaders\shader_templates\_0_5_0_1_11_2_1_0_0_1_0_0
0x0000030C,shaders\shader_templates\_0_5_0_1_11_2_0_0_0_1_0_0
0x0000030D,shaders\shader_templates\_0_5_0_1_11_2_0_0_0_1_0_0
0x0000030E,shaders\shader_templates\_0_5_0_1_11_2_0_0_0_1_0_0
0x0000030F,shaders\shader_templates\_0_5_0_1_11_0_0_0_0_1_0_0
0x00000310,shaders\shader_templates\_0_5_0_1_11_0_0_0_0_1_0_0
0x00000311,shaders\shader_templates\_0_5_0_1_11_0_0_0_0_1_0_0
0x00000312,shaders\shader_templates\_0_2_0_1_11_2_1_0_0_1_0_0
0x00000313,shaders\shader_templates\_0_2_0_1_11_2_1_0_0_1_0_0
0x00000314,shaders\shader_templates\_0_2_0_1_11_2_1_0_0_1_0_0
0x00000315,shaders\shader_templates\_0_2_0_1_11_0_0_0_0_1_0_0
0x00000316,shaders\shader_templates\_0_2_0_1_11_0_0_0_0_1_0_0
0x00000317,shaders\shader_templates\_0_2_0_1_11_0_0_0_0_1_0_0
0x00000318,shaders\shader_templates\_0_1_0_1_0_1_1_1_0_1_0_0
0x00000319,shaders\shader_templates\_0_1_0_1_0_1_1_1_0_1_0_0
0x0000031A,shaders\shader_templates\_0_1_0_1_0_1_1_1_0_1_0_0
0x0000031B,shaders\shader_templates\_0_5_0_1_12_1_0_0_0_1_0_0
0x0000031C,shaders\shader_templates\_0_5_0_1_12_1_0_0_0_1_0_0
0x0000031D,shaders\shader_templates\_0_5_0_1_12_1_0_0_0_1_0_0
0x0000031E,shaders\shader_templates\_0_5_0_1_12_1_1_0_0_1_0_0
0x0000031F,shaders\shader_templates\_0_5_0_1_12_1_1_0_0_1_0_0
0x00000320,shaders\shader_templates\_0_5_0_1_12_1_1_0_0_1_0_0
0x00000321,shaders\shader_templates\_0_1_0_1_10_1_3_0_0_1_0_0
0x00000322,shaders\shader_templates\_0_1_0_1_10_1_3_0_0_1_0_0
0x00000323,shaders\shader_templates\_0_1_0_1_10_1_3_0_0_1_0_0
0x00000324,shaders\shader_templates\_0_2_0_1_12_1_1_0_0_1_0_0
0x00000325,shaders\shader_templates\_0_2_0_1_12_1_1_0_0_1_0_0
0x00000326,shaders\shader_templates\_0_2_0_1_12_1_1_0_0_1_0_0
0x00000327,shaders\shader_templates\_0_2_0_1_12_1_0_0_0_1_0_0
0x00000328,shaders\shader_templates\_0_2_0_1_12_1_0_0_0_1_0_0
0x00000329,shaders\shader_templates\_0_2_0_1_12_1_0_0_0_1_0_0
0x0000032A,shaders\shader_templates\_0_2_0_1_10_2_0_3_0_1_0_0
0x0000032B,shaders\shader_templates\_0_2_0_1_10_2_0_3_0_1_0_0
0x0000032C,shaders\shader_templates\_0_2_0_1_10_2_0_3_0_1_0_0
0x0000032D,shaders\shader_templates\_0_5_0_1_11_2_0_3_0_1_0_0
0x0000032E,shaders\shader_templates\_0_5_0_1_11_2_0_3_0_1_0_0
0x0000032F,shaders\shader_templates\_0_5_0_1_11_2_0_3_0_1_0_0
0x00000330,shaders\beam_templates\_0_8_1_0_0
0x00000331,shaders\beam_templates\_0_8_1_0_0
0x00000332,shaders\beam_templates\_0_8_1_0_0
0x00000333,shaders\beam_templates\_2_3_1_0_0
0x00000334,shaders\beam_templates\_2_3_1_0_0
0x00000335,shaders\beam_templates\_2_3_1_0_0
0x00000336,shaders\shader_templates\_0_1_0_1_10_0_1_0_0_0_0_0
0x00000337,shaders\shader_templates\_0_1_0_1_10_0_1_0_0_0_0_0
0x00000338,shaders\shader_templates\_0_1_0_1_10_0_1_0_0_0_0_0
0x00000339,shaders\shader_templates\_0_0_0_1_10_1_0_3_0_0_0_0
0x0000033A,shaders\shader_templates\_0_0_0_1_10_1_0_3_0_0_0_0
0x0000033B,shaders\shader_templates\_0_0_0_1_10_1_0_3_0_0_0_0
0x0000033C,shaders\shader_templates\_0_1_0_2_2_0_1_0_0_0_0_0
0x0000033D,shaders\shader_templates\_0_1_0_2_2_0_1_0_0_0_0_0
0x0000033E,shaders\shader_templates\_0_1_0_2_2_0_1_0_0_0_0_0
0x0000033F,shaders\shader_templates\_0_0_0_1_0_0_0_0_0_0_0_0
0x00000340,shaders\shader_templates\_0_0_0_1_0_0_0_0_0_0_0_0
0x00000341,shaders\shader_templates\_0_0_0_1_0_0_0_0_0_0_0_0
0x00000342,shaders\shader_templates\_0_0_0_1_0_2_0_0_0_0_0_0
0x00000343,shaders\shader_templates\_0_0_0_1_0_2_0_0_0_0_0_0
0x00000344,shaders\shader_templates\_0_0_0_1_0_2_0_0_0_0_0_0
0x00000345,shaders\shader_templates\_3_2_0_1_10_0_0_0_0_0_0_0
0x00000346,shaders\shader_templates\_3_2_0_1_10_0_0_0_0_0_0_0
0x00000347,shaders\shader_templates\_3_2_0_1_10_0_0_0_0_0_0_0
0x00000348,shaders\shader_templates\_7_1_0_1_7_1_0_0_0_0_0_0
0x00000349,shaders\shader_templates\_7_1_0_1_7_1_0_0_0_0_0_0
0x0000034A,shaders\shader_templates\_7_1_0_1_7_1_0_0_0_0_0_0
0x0000034B,shaders\shader_templates\_0_0_0_1_7_1_0_3_0_0_0_0
0x0000034C,shaders\shader_templates\_0_0_0_1_7_1_0_3_0_0_0_0
0x0000034D,shaders\shader_templates\_0_0_0_1_7_1_0_3_0_0_0_0
0x0000034E,shaders\shader_templates\_0_1_0_1_7_0_2_0_0_0_0_0
0x0000034F,shaders\shader_templates\_0_1_0_1_7_0_2_0_0_0_0_0
0x00000350,shaders\shader_templates\_0_1_0_1_7_0_2_0_0_0_0_0
0x00000351,shaders\shader_templates\_8_1_0_1_7_1_0_0_0_0_0_0
0x00000352,shaders\shader_templates\_8_1_0_1_7_1_0_0_0_0_0_0
0x00000353,shaders\shader_templates\_8_1_0_1_7_1_0_0_0_0_0_0
0x00000354,shaders\shader_templates\_0_0_0_0_7_0_1_0_1_0_0_0
0x00000355,shaders\shader_templates\_0_0_0_0_7_0_1_0_1_0_0_0
0x00000356,shaders\shader_templates\_0_0_0_0_7_0_1_0_1_0_0_0
0x00000357,shaders\shader_templates\_2_0_0_2_7_1_5_0_1_0_0_0
0x00000358,shaders\shader_templates\_2_0_0_2_7_1_5_0_1_0_0_0
0x00000359,shaders\shader_templates\_2_0_0_2_7_1_5_0_1_0_0_0
0x0000035A,shaders\shader_templates\_0_0_0_1_2_1_0_5_0_0_0_0
0x0000035B,shaders\shader_templates\_0_0_0_1_2_1_0_5_0_0_0_0
0x0000035C,shaders\shader_templates\_0_0_0_1_2_1_0_5_0_0_0_0
0x0000035D,shaders\custom_templates\_0_1_0_1_1_1_8_0_0_0
0x0000035E,shaders\custom_templates\_0_1_0_1_1_1_8_0_0_0
0x0000035F,shaders\custom_templates\_0_1_0_1_1_1_8_0_0_0
0x00000360,shaders\shader_templates\_0_0_0_0_7_0_0_0_1_0_0_0
0x00000361,shaders\shader_templates\_0_0_0_0_7_0_0_0_1_0_0_0
0x00000362,shaders\shader_templates\_0_0_0_0_7_0_0_0_1_0_0_0
0x00000363,shaders\shader_templates\_2_0_0_0_0_0_1_0_1_0_0_0
0x00000364,shaders\shader_templates\_2_0_0_0_0_0_1_0_1_0_0_0
0x00000365,shaders\shader_templates\_2_0_0_0_0_0_1_0_1_0_0_0
0x00000366,shaders\shader_templates\_0_2_0_0_7_1_0_0_0_0_0_0
0x00000367,shaders\shader_templates\_0_2_0_0_7_1_0_0_0_0_0_0
0x00000368,shaders\shader_templates\_0_2_0_0_7_1_0_0_0_0_0_0
0x00000369,shaders\shader_templates\_0_0_1_1_3_0_0_0_3_0_0_0
0x0000036A,shaders\shader_templates\_0_0_1_1_3_0_0_0_3_0_0_0
0x0000036B,shaders\shader_templates\_0_0_1_1_3_0_0_0_3_0_0_0
0x0000036C,shaders\shader_templates\_0_0_0_0_7_2_1_0_1_0_0_0
0x0000036D,shaders\shader_templates\_0_0_0_0_7_2_1_0_1_0_0_0
0x0000036E,shaders\shader_templates\_0_0_0_0_7_2_1_0_1_0_0_0
0x0000036F,shaders\shader_templates\_6_1_0_1_7_0_0_0_1_0_0_0
0x00000370,shaders\shader_templates\_6_1_0_1_7_0_0_0_1_0_0_0
0x00000371,shaders\shader_templates\_6_1_0_1_7_0_0_0_1_0_0_0
0x00000372,shaders\shader_templates\_0_2_0_1_7_1_0_0_1_0_0_0
0x00000373,shaders\shader_templates\_0_2_0_1_7_1_0_0_1_0_0_0
0x00000374,shaders\shader_templates\_0_2_0_1_7_1_0_0_1_0_0_0
0x00000375,shaders\shader_templates\_0_1_0_1_7_1_1_0_0_0_0_0
0x00000376,shaders\shader_templates\_0_1_0_1_7_1_1_0_0_0_0_0
0x00000377,shaders\shader_templates\_0_1_0_1_7_1_1_0_0_0_0_0
0x00000378,shaders\shader_templates\_0_1_1_1_2_2_0_0_1_0_0_0
0x00000379,shaders\shader_templates\_0_1_1_1_2_2_0_0_1_0_0_0
0x0000037A,shaders\shader_templates\_0_1_1_1_2_2_0_0_1_0_0_0
0x0000037B,shaders\shader_templates\_7_1_0_1_7_0_0_0_0_0_0_0
0x0000037C,shaders\shader_templates\_7_1_0_1_7_0_0_0_0_0_0_0
0x0000037D,shaders\shader_templates\_7_1_0_1_7_0_0_0_0_0_0_0
0x0000037E,shaders\shader_templates\_0_1_0_1_2_1_0_0_1_0_0_0
0x0000037F,shaders\shader_templates\_0_1_0_1_2_1_0_0_1_0_0_0
0x00000380,shaders\shader_templates\_0_1_0_1_2_1_0_0_1_0_0_0
0x00000381,shaders\halogram_templates\_2_1_0_0_0_0_0_0_0
0x00000382,shaders\halogram_templates\_2_1_0_0_0_0_0_0_0
0x00000383,shaders\halogram_templates\_2_1_0_0_0_0_0_0_0
0x00000384,shaders\shader_templates\_0_2_0_1_7_1_2_0_1_0_0_0
0x00000385,shaders\shader_templates\_0_2_0_1_7_1_2_0_1_0_0_0
0x00000386,shaders\shader_templates\_0_2_0_1_7_1_2_0_1_0_0_0
0x00000387,shaders\shader_templates\_0_2_1_1_2_2_0_0_1_0_0_0
0x00000388,shaders\shader_templates\_0_2_1_1_2_2_0_0_1_0_0_0
0x00000389,shaders\shader_templates\_0_2_1_1_2_2_0_0_1_0_0_0
0x0000038A,shaders\halogram_templates\_2_5_1_0_0_0_0_0_0
0x0000038B,shaders\halogram_templates\_2_5_1_0_0_0_0_0_0
0x0000038C,shaders\halogram_templates\_2_5_1_0_0_0_0_0_0
0x0000038D,shaders\shader_templates\_0_2_0_0_7_1_0_3_1_0_0_0
0x0000038E,shaders\shader_templates\_0_2_0_0_7_1_0_3_1_0_0_0
0x0000038F,shaders\shader_templates\_0_2_0_0_7_1_0_3_1_0_0_0
0x00000390,shaders\halogram_templates\_2_1_0_0_1_0_0_0_0
0x00000391,shaders\halogram_templates\_2_1_0_0_1_0_0_0_0
0x00000392,shaders\halogram_templates\_2_1_0_0_1_0_0_0_0
0x00000393,shaders\halogram_templates\_0_2_0_0_1_0_0_0_0
0x00000394,shaders\halogram_templates\_0_2_0_0_1_0_0_0_0
0x00000395,shaders\halogram_templates\_0_2_0_0_1_0_0_0_0
0x00000396,shaders\shader_templates\_0_2_0_1_7_0_0_0_1_0_0_0
0x00000397,shaders\shader_templates\_0_2_0_1_7_0_0_0_1_0_0_0
0x00000398,shaders\shader_templates\_0_2_0_1_7_0_0_0_1_0_0_0
0x00000399,shaders\shader_templates\_7_2_0_1_7_1_0_0_0_0_0_0
0x0000039A,shaders\shader_templates\_7_2_0_1_7_1_0_0_0_0_0_0
0x0000039B,shaders\shader_templates\_7_2_0_1_7_1_0_0_0_0_0_0
0x0000039C,shaders\shader_templates\_7_1_0_1_7_0_0_0_1_0_0_0
0x0000039D,shaders\shader_templates\_7_1_0_1_7_0_0_0_1_0_0_0
0x0000039E,shaders\shader_templates\_7_1_0_1_7_0_0_0_1_0_0_0
0x0000039F,shaders\shader_templates\_0_2_1_1_7_0_0_0_0_0_0_0
0x000003A0,shaders\shader_templates\_0_2_1_1_7_0_0_0_0_0_0_0
0x000003A1,shaders\shader_templates\_0_2_1_1_7_0_0_0_0_0_0_0
0x000003A2,shaders\shader_templates\_0_2_0_0_7_2_0_3_1_0_0_0
0x000003A3,shaders\shader_templates\_0_2_0_0_7_2_0_3_1_0_0_0
0x000003A4,shaders\shader_templates\_0_2_0_0_7_2_0_3_1_0_0_0
0x000003A5,shaders\shader_templates\_6_1_0_0_0_0_7_0_0_0_0_0
0x000003A6,shaders\shader_templates\_6_1_0_0_0_0_7_0_0_0_0_0
0x000003A7,shaders\shader_templates\_6_1_0_0_0_0_7_0_0_0_0_0
0x000003A8,shaders\shader_templates\_0_0_0_1_0_1_0_0_0_0_0_0
0x000003A9,shaders\shader_templates\_0_0_0_1_0_1_0_0_0_0_0_0
0x000003AA,shaders\shader_templates\_0_0_0_1_0_1_0_0_0_0_0_0
0x000003AB,shaders\shader_templates\_0_1_1_2_7_0_0_0_0_0_0_0
0x000003AC,shaders\shader_templates\_0_1_1_2_7_0_0_0_0_0_0_0
0x000003AD,shaders\shader_templates\_0_1_1_2_7_0_0_0_0_0_0_0
0x000003AE,shaders\shader_templates\_0_0_0_2_7_1_0_0_0_0_0_0
0x000003AF,shaders\shader_templates\_0_0_0_2_7_1_0_0_0_0_0_0
0x000003B0,shaders\shader_templates\_0_0_0_2_7_1_0_0_0_0_0_0
0x000003B1,shaders\shader_templates\_0_1_0_2_7_1_5_0_0_0_0_0
0x000003B2,shaders\shader_templates\_0_1_0_2_7_1_5_0_0_0_0_0
0x000003B3,shaders\shader_templates\_0_1_0_2_7_1_5_0_0_0_0_0
0x000003B4,shaders\custom_templates\_0_0_0_2_1_1_8_0_0_0
0x000003B5,shaders\custom_templates\_0_0_0_2_1_1_8_0_0_0
0x000003B6,shaders\custom_templates\_0_0_0_2_1_1_8_0_0_0
0x000003B7,shaders\shader_templates\_0_0_0_2_7_0_0_4_0_0_0_0
0x000003B8,shaders\shader_templates\_0_0_0_2_7_0_0_4_0_0_0_0
0x000003B9,shaders\shader_templates\_0_0_0_2_7_0_0_4_0_0_0_0
0x000003BA,shaders\shader_templates\_0_1_0_2_7_1_0_0_0_0_0_0
0x000003BB,shaders\shader_templates\_0_1_0_2_7_1_0_0_0_0_0_0
0x000003BC,shaders\shader_templates\_0_1_0_2_7_1_0_0_0_0_0_0
0x000003BD,shaders\shader_templates\_2_0_1_0_0_0_1_0_0_0_0_0
0x000003BE,shaders\shader_templates\_2_0_1_0_0_0_1_0_0_0_0_0
0x000003BF,shaders\shader_templates\_2_0_1_0_0_0_1_0_0_0_0_0
0x000003C0,shaders\shader_templates\_0_2_0_1_2_2_0_0_0_2_0_0
0x000003C1,shaders\shader_templates\_0_2_0_1_2_2_0_0_0_2_0_0
0x000003C2,shaders\shader_templates\_0_2_0_1_2_2_0_0_0_2_0_0
0x000003C3,shaders\custom_templates\_7_1_0_2_1_1_8_0_0_0
0x000003C4,shaders\custom_templates\_7_1_0_2_1_1_8_0_0_0
0x000003C5,shaders\custom_templates\_7_1_0_2_1_1_8_0_0_0
0x000003C6,shaders\custom_templates\_0_1_0_2_1_1_8_0_0_0
0x000003C7,shaders\custom_templates\_0_1_0_2_1_1_8_0_0_0
0x000003C8,shaders\custom_templates\_0_1_0_2_1_1_8_0_0_0
0x000003C9,shaders\custom_templates\_0_2_0_0_4_4_0_0_0_0
0x000003CA,shaders\custom_templates\_0_2_0_0_4_4_0_0_0_0
0x000003CB,shaders\custom_templates\_0_2_0_0_4_4_0_0_0_0
0x000003CC,shaders\shader_templates\_0_2_0_1_2_1_0_0_0_2_0_0
0x000003CD,shaders\shader_templates\_0_2_0_1_2_1_0_0_0_2_0_0
0x000003CE,shaders\shader_templates\_0_2_0_1_2_1_0_0_0_2_0_0
0x000003CF,shaders\water_templates\_0_0_1_1_2_0_0_0_0
0x000003D0,shaders\water_templates\_0_0_1_1_2_0_0_0_0
0x000003D1,shaders\water_templates\_0_0_1_1_2_0_0_0_0
0x000003D2,shaders\shader_templates\_0_0_0_0_0_0_2_3_0_0_0_0
0x000003D3,shaders\shader_templates\_0_0_0_0_0_0_2_3_0_0_0_0
0x000003D4,shaders\shader_templates\_0_0_0_0_0_0_2_3_0_0_0_0
0x000003D5,shaders\shader_templates\_7_0_0_0_0_0_4_3_2_0_0_0
0x000003D6,shaders\shader_templates\_7_0_0_0_0_0_4_3_2_0_0_0
0x000003D7,shaders\shader_templates\_7_0_0_0_0_0_4_3_2_0_0_0
0x000003D8,shaders\shader_templates\_0_0_0_0_3_0_4_3_0_0_0_0
0x000003D9,shaders\shader_templates\_0_0_0_0_3_0_4_3_0_0_0_0
0x000003DA,shaders\shader_templates\_0_0_0_0_3_0_4_3_0_0_0_0
0x000003DB,shaders\shader_templates\_8_2_0_1_10_2_0_0_0_0_0_0
0x000003DC,shaders\shader_templates\_8_2_0_1_10_2_0_0_0_0_0_0
0x000003DD,shaders\shader_templates\_8_2_0_1_10_2_0_0_0_0_0_0
0x000003DE,shaders\shader_templates\_2_0_0_0_0_0_5_0_0_0_0_0
0x000003DF,shaders\shader_templates\_2_0_0_0_0_0_5_0_0_0_0_0
0x000003E0,shaders\shader_templates\_2_0_0_0_0_0_5_0_0_0_0_0
0x000003E1,shaders\shader_templates\_0_2_0_1_5_2_0_1_0_0_0_0
0x000003E2,shaders\shader_templates\_0_2_0_1_5_2_0_1_0_0_0_0
0x000003E3,shaders\shader_templates\_0_2_0_1_5_2_0_1_0_0_0_0
0x000003E4,shaders\halogram_templates\_2_8_0_0_1_1_0_0_0
0x000003E5,shaders\halogram_templates\_2_8_0_0_1_1_0_0_0
0x000003E6,shaders\halogram_templates\_2_8_0_0_1_1_0_0_0
0x000003E7,shaders\halogram_templates\_2_5_0_0_1_0_0_0_0
0x000003E8,shaders\halogram_templates\_2_5_0_0_1_0_0_0_0
0x000003E9,shaders\halogram_templates\_2_5_0_0_1_0_0_0_0
0x000003EA,shaders\shader_templates\_0_1_0_1_5_1_0_3_0_0_0_0
0x000003EB,shaders\shader_templates\_0_1_0_1_5_1_0_3_0_0_0_0
0x000003EC,shaders\shader_templates\_0_1_0_1_5_1_0_3_0_0_0_0
0x000003ED,shaders\shader_templates\_2_0_0_0_7_1_1_0_0_0_0_0
0x000003EE,shaders\shader_templates\_2_0_0_0_7_1_1_0_0_0_0_0
0x000003EF,shaders\shader_templates\_2_0_0_0_7_1_1_0_0_0_0_0
0x000003F0,shaders\halogram_templates\_0_1_0_0_1_0_0_0_0
0x000003F1,shaders\halogram_templates\_0_1_0_0_1_0_0_0_0
0x000003F2,shaders\halogram_templates\_0_1_0_0_1_0_0_0_0
0x000003F3,shaders\halogram_templates\_0_8_3_0_0_4_0_0_0
0x000003F4,shaders\halogram_templates\_0_8_3_0_0_4_0_0_0
0x000003F5,shaders\halogram_templates\_0_8_3_0_0_4_0_0_0
0x000003F6,shaders\shader_templates\_0_2_0_1_7_0_1_0_0_0_0_0
0x000003F7,shaders\shader_templates\_0_2_0_1_7_0_1_0_0_0_0_0
0x000003F8,shaders\shader_templates\_0_2_0_1_7_0_1_0_0_0_0_0
0x000003F9,shaders\shader_templates\_4_2_0_0_6_0_0_0_0_0_0_0
0x000003FA,shaders\shader_templates\_4_2_0_0_6_0_0_0_0_0_0_0
0x000003FB,shaders\shader_templates\_4_2_0_0_6_0_0_0_0_0_0_0
0x000003FC,shaders\shader_templates\_4_2_0_1_10_2_0_0_0_2_0_0
0x000003FD,shaders\shader_templates\_4_2_0_1_10_2_0_0_0_2_0_0
0x000003FE,shaders\shader_templates\_4_2_0_1_10_2_0_0_0_2_0_0
0x000003FF,shaders\shader_templates\_3_2_0_0_10_2_0_0_0_0_0_0
0x00000400,shaders\shader_templates\_3_2_0_0_10_2_0_0_0_0_0_0
0x00000401,shaders\shader_templates\_3_2_0_0_10_2_0_0_0_0_0_0
0x00000402,shaders\shader_templates\_3_0_0_0_0_0_0_3_0_2_0_0
0x00000403,shaders\shader_templates\_3_0_0_0_0_0_0_3_0_2_0_0
0x00000404,shaders\shader_templates\_3_0_0_0_0_0_0_3_0_2_0_0
0x00000405,shaders\shader_templates\_2_1_0_1_7_0_5_0_0_0_0_0
0x00000406,shaders\shader_templates\_2_1_0_1_7_0_5_0_0_0_0_0
0x00000407,shaders\shader_templates\_2_1_0_1_7_0_5_0_0_0_0_0
0x00000408,shaders\shader_templates\_0_0_0_1_0_0_0_2_0_0_0_0
0x00000409,shaders\shader_templates\_0_0_0_1_0_0_0_2_0_0_0_0
0x0000040A,shaders\shader_templates\_0_0_0_1_0_0_0_2_0_0_0_0
0x0000040B,shaders\shader_templates\_2_0_0_0_5_2_0_3_0_0_0_0
0x0000040C,shaders\shader_templates\_2_0_0_0_5_2_0_3_0_0_0_0
0x0000040D,shaders\shader_templates\_2_0_0_0_5_2_0_3_0_0_0_0
0x0000040E,shaders\shader_templates\_2_0_0_0_5_2_0_0_0_0_0_0
0x0000040F,shaders\shader_templates\_2_0_0_0_5_2_0_0_0_0_0_0
0x00000410,shaders\shader_templates\_2_0_0_0_5_2_0_0_0_0_0_0
0x00000411,shaders\shader_templates\_2_0_0_0_4_0_0_0_0_0_0_0
0x00000412,shaders\shader_templates\_2_0_0_0_4_0_0_0_0_0_0_0
0x00000413,shaders\shader_templates\_2_0_0_0_4_0_0_0_0_0_0_0
0x00000414,shaders\shader_templates\_3_1_0_1_2_2_1_0_0_0_0_0
0x00000415,shaders\shader_templates\_3_1_0_1_2_2_1_0_0_0_0_0
0x00000416,shaders\shader_templates\_3_1_0_1_2_2_1_0_0_0_0_0
0x00000417,shaders\shader_templates\_3_0_0_0_2_2_0_0_0_0_0_0
0x00000418,shaders\shader_templates\_3_0_0_0_2_2_0_0_0_0_0_0
0x00000419,shaders\shader_templates\_3_0_0_0_2_2_0_0_0_0_0_0
0x0000041A,shaders\shader_templates\_0_0_0_1_10_2_0_0_0_0_0_0
0x0000041B,shaders\shader_templates\_0_0_0_1_10_2_0_0_0_0_0_0
0x0000041C,shaders\shader_templates\_0_0_0_1_10_2_0_0_0_0_0_0
0x0000041D,shaders\shader_templates\_8_2_0_1_0_0_0_0_0_0_0_0
0x0000041E,shaders\shader_templates\_8_2_0_1_0_0_0_0_0_0_0_0
0x0000041F,shaders\shader_templates\_8_2_0_1_0_0_0_0_0_0_0_0
0x00000420,shaders\shader_templates\_8_2_0_1_7_2_0_0_0_0_0_0
0x00000421,shaders\shader_templates\_8_2_0_1_7_2_0_0_0_0_0_0
0x00000422,shaders\shader_templates\_8_2_0_1_7_2_0_0_0_0_0_0
0x00000423,shaders\shader_templates\_0_1_0_2_5_2_1_5_0_0_0_0
0x00000424,shaders\shader_templates\_0_1_0_2_5_2_1_5_0_0_0_0
0x00000425,shaders\shader_templates\_0_1_0_2_5_2_1_5_0_0_0_0
0x00000426,shaders\shader_templates\_0_0_1_0_10_2_0_0_0_0_0_0
0x00000427,shaders\shader_templates\_0_0_1_0_10_2_0_0_0_0_0_0
0x00000428,shaders\shader_templates\_0_0_1_0_10_2_0_0_0_0_0_0
0x00000429,shaders\shader_templates\_0_1_0_1_10_2_0_0_1_0_0_0
0x0000042A,shaders\shader_templates\_0_1_0_1_10_2_0_0_1_0_0_0
0x0000042B,shaders\shader_templates\_0_1_0_1_10_2_0_0_1_0_0_0
0x0000042C,shaders\shader_templates\_0_1_0_0_7_2_0_0_0_0_0_0
0x0000042D,shaders\shader_templates\_0_1_0_0_7_2_0_0_0_0_0_0
0x0000042E,shaders\shader_templates\_0_1_0_0_7_2_0_0_0_0_0_0
0x0000042F,shaders\shader_templates\_0_1_0_0_7_0_0_0_0_0_0_0
0x00000430,shaders\shader_templates\_0_1_0_0_7_0_0_0_0_0_0_0
0x00000431,shaders\shader_templates\_0_1_0_0_7_0_0_0_0_0_0_0
0x00000432,shaders\shader_templates\_0_0_0_0_4_0_0_3_0_0_0_0
0x00000433,shaders\shader_templates\_0_0_0_0_4_0_0_3_0_0_0_0
0x00000434,shaders\shader_templates\_0_0_0_0_4_0_0_3_0_0_0_0
0x00000435,shaders\shader_templates\_7_2_0_1_10_0_0_0_0_0_0_0
0x00000436,shaders\shader_templates\_7_2_0_1_10_0_0_0_0_0_0_0
0x00000437,shaders\shader_templates\_7_2_0_1_10_0_0_0_0_0_0_0
0x00000438,shaders\shader_templates\_0_0_0_0_0_0_2_0_0_0_0_0
0x00000439,shaders\shader_templates\_0_0_0_0_0_0_2_0_0_0_0_0
0x0000043A,shaders\shader_templates\_0_0_0_0_0_0_2_0_0_0_0_0
0x0000043B,shaders\shader_templates\_0_1_0_0_10_0_1_0_0_1_0_0
0x0000043C,shaders\shader_templates\_0_1_0_0_10_0_1_0_0_1_0_0
0x0000043D,shaders\shader_templates\_0_1_0_0_10_0_1_0_0_1_0_0
0x0000043E,shaders\shader_templates\_8_2_0_1_10_2_0_0_0_1_0_0
0x0000043F,shaders\shader_templates\_8_2_0_1_10_2_0_0_0_1_0_0
0x00000440,shaders\shader_templates\_8_2_0_1_10_2_0_0_0_1_0_0
0x00000441,shaders\shader_templates\_0_0_0_1_5_2_0_3_0_0_0_0
0x00000442,shaders\shader_templates\_0_0_0_1_5_2_0_3_0_0_0_0
0x00000443,shaders\shader_templates\_0_0_0_1_5_2_0_3_0_0_0_0
0x00000444,shaders\shader_templates\_0_0_1_1_2_2_0_0_0_0_0_0
0x00000445,shaders\shader_templates\_0_0_1_1_2_2_0_0_0_0_0_0
0x00000446,shaders\shader_templates\_0_0_1_1_2_2_0_0_0_0_0_0
0x00000447,shaders\shader_templates\_2_0_0_0_0_0_2_0_0_0_0_0
0x00000448,shaders\shader_templates\_2_0_0_0_0_0_2_0_0_0_0_0
0x00000449,shaders\shader_templates\_2_0_0_0_0_0_2_0_0_0_0_0
0x0000044A,shaders\shader_templates\_8_2_0_1_7_1_0_0_0_0_0_0
0x0000044B,shaders\shader_templates\_8_2_0_1_7_1_0_0_0_0_0_0
0x0000044C,shaders\shader_templates\_8_2_0_1_7_1_0_0_0_0_0_0
0x0000044D,shaders\shader_templates\_8_2_0_1_7_0_0_0_0_0_0_0
0x0000044E,shaders\shader_templates\_8_2_0_1_7_0_0_0_0_0_0_0
0x0000044F,shaders\shader_templates\_8_2_0_1_7_0_0_0_0_0_0_0
0x00000450,shaders\shader_templates\_0_2_0_2_10_2_1_0_0_0_0_0
0x00000451,shaders\shader_templates\_0_2_0_2_10_2_1_0_0_0_0_0
0x00000452,shaders\shader_templates\_0_2_0_2_10_2_1_0_0_0_0_0
0x00000453,shaders\shader_templates\_0_0_1_2_10_2_0_0_0_1_0_0
0x00000454,shaders\shader_templates\_0_0_1_2_10_2_0_0_0_1_0_0
0x00000455,shaders\shader_templates\_0_0_1_2_10_2_0_0_0_1_0_0
0x00000456,shaders\shader_templates\_3_2_0_2_10_2_1_0_0_0_0_0
0x00000457,shaders\shader_templates\_3_2_0_2_10_2_1_0_0_0_0_0
0x00000458,shaders\shader_templates\_3_2_0_2_10_2_1_0_0_0_0_0
0x00000459,shaders\shader_templates\_0_0_0_1_5_2_1_5_0_0_0_0
0x0000045A,shaders\shader_templates\_0_0_0_1_5_2_1_5_0_0_0_0
0x0000045B,shaders\shader_templates\_0_0_0_1_5_2_1_5_0_0_0_0
0x0000045C,shaders\shader_templates\_0_2_0_1_6_2_0_0_1_0_0_0
0x0000045D,shaders\shader_templates\_0_2_0_1_6_2_0_0_1_0_0_0
0x0000045E,shaders\shader_templates\_0_2_0_1_6_2_0_0_1_0_0_0
0x0000045F,shaders\shader_templates\_0_2_0_2_2_1_0_0_0_1_0_0
0x00000460,shaders\shader_templates\_0_2_0_2_2_1_0_0_0_1_0_0
0x00000461,shaders\shader_templates\_0_2_0_2_2_1_0_0_0_1_0_0
0x00000462,shaders\shader_templates\_0_2_0_1_10_2_1_3_0_1_0_0
0x00000463,shaders\shader_templates\_0_2_0_1_10_2_1_3_0_1_0_0
0x00000464,shaders\shader_templates\_0_2_0_1_10_2_1_3_0_1_0_0
0x00000465,shaders\halogram_templates\_0_6_3_1_0_0_1_0_0
0x00000466,shaders\halogram_templates\_0_6_3_1_0_0_1_0_0
0x00000467,shaders\halogram_templates\_0_6_3_1_0_0_1_0_0
0x00000468,shaders\shader_templates\_0_1_0_1_10_2_0_3_0_1_0_0
0x00000469,shaders\shader_templates\_0_1_0_1_10_2_0_3_0_1_0_0
0x0000046A,shaders\shader_templates\_0_1_0_1_10_2_0_3_0_1_0_0
0x0000046B,shaders\halogram_templates\_0_6_3_1_0_0_0_0_0
0x0000046C,shaders\halogram_templates\_0_6_3_1_0_0_0_0_0
0x0000046D,shaders\halogram_templates\_0_6_3_1_0_0_0_0_0
0x0000046E,shaders\shader_templates\_0_2_1_1_2_2_0_0_0_0_0_0
0x0000046F,shaders\shader_templates\_0_2_1_1_2_2_0_0_0_0_0_0
0x00000470,shaders\shader_templates\_0_2_1_1_2_2_0_0_0_0_0_0
0x00000471,shaders\shader_templates\_0_2_0_1_12_2_1_0_0_0_0_0
0x00000472,shaders\shader_templates\_0_2_0_1_12_2_1_0_0_0_0_0
0x00000473,shaders\shader_templates\_0_2_0_1_12_2_1_0_0_0_0_0
0x00000474,shaders\shader_templates\_0_2_0_1_11_2_1_0_0_0_0_0
0x00000475,shaders\shader_templates\_0_2_0_1_11_2_1_0_0_0_0_0
0x00000476,shaders\shader_templates\_0_2_0_1_11_2_1_0_0_0_0_0
0x00000477,shaders\shader_templates\_0_1_0_0_0_0_5_1_0_0_0_0
0x00000478,shaders\shader_templates\_0_1_0_0_0_0_5_1_0_0_0_0
0x00000479,shaders\shader_templates\_0_1_0_0_0_0_5_1_0_0_0_0
0x0000047A,shaders\shader_templates\_0_1_0_1_10_2_5_0_0_0_0_0
0x0000047B,shaders\shader_templates\_0_1_0_1_10_2_5_0_0_0_0_0
0x0000047C,shaders\shader_templates\_0_1_0_1_10_2_5_0_0_0_0_0
0x0000047D,shaders\shader_templates\_1_1_0_1_5_2_5_3_0_0_0_0
0x0000047E,shaders\shader_templates\_1_1_0_1_5_2_5_3_0_0_0_0
0x0000047F,shaders\shader_templates\_1_1_0_1_5_2_5_3_0_0_0_0
0x00000480,shaders\shader_templates\_8_1_0_1_2_2_0_0_0_0_0_0
0x00000481,shaders\shader_templates\_8_1_0_1_2_2_0_0_0_0_0_0
0x00000482,shaders\shader_templates\_8_1_0_1_2_2_0_0_0_0_0_0
0x00000483,shaders\shader_templates\_0_1_0_1_2_1_5_0_0_0_0_0
0x00000484,shaders\shader_templates\_0_1_0_1_2_1_5_0_0_0_0_0
0x00000485,shaders\shader_templates\_0_1_0_1_2_1_5_0_0_0_0_0
0x00000486,shaders\shader_templates\_0_0_0_2_10_1_0_3_0_0_0_0
0x00000487,shaders\shader_templates\_0_0_0_2_10_1_0_3_0_0_0_0
0x00000488,shaders\shader_templates\_0_0_0_2_10_1_0_3_0_0_0_0
0x00000489,shaders\shader_templates\_0_1_0_1_2_0_1_0_2_0_0_0
0x0000048A,shaders\shader_templates\_0_1_0_1_2_0_1_0_2_0_0_0
0x0000048B,shaders\shader_templates\_0_1_0_1_2_0_1_0_2_0_0_0
0x0000048C,shaders\shader_templates\_0_1_0_1_2_2_0_0_2_0_0_0
0x0000048D,shaders\shader_templates\_0_1_0_1_2_2_0_0_2_0_0_0
0x0000048E,shaders\shader_templates\_0_1_0_1_2_2_0_0_2_0_0_0
0x0000048F,shaders\halogram_templates\_0_3_1_0_0_1_0_0_0
0x00000490,shaders\halogram_templates\_0_3_1_0_0_1_0_0_0
0x00000491,shaders\halogram_templates\_0_3_1_0_0_1_0_0_0
0x00000492,shaders\shader_templates\_0_2_0_1_10_2_5_0_0_0_0_0
0x00000493,shaders\shader_templates\_0_2_0_1_10_2_5_0_0_0_0_0
0x00000494,shaders\shader_templates\_0_2_0_1_10_2_5_0_0_0_0_0
0x00000495,shaders\particle_templates\_3_8_0_0_1_1_0_0_0_0
0x00000496,shaders\particle_templates\_3_8_0_0_1_1_0_0_0_0
0x00000497,shaders\particle_templates\_3_8_0_0_1_1_0_0_0_0
0x00000498,shaders\shader_templates\_0_1_0_1_6_3_0_0_1_0_0_0
0x00000499,shaders\shader_templates\_0_1_0_1_6_3_0_0_1_0_0_0
0x0000049A,shaders\shader_templates\_0_1_0_1_6_3_0_0_1_0_0_0
0x0000049B,shaders\shader_templates\_0_1_1_2_6_3_0_0_1_0_0_0
0x0000049C,shaders\shader_templates\_0_1_1_2_6_3_0_0_1_0_0_0
0x0000049D,shaders\shader_templates\_0_1_1_2_6_3_0_0_1_0_0_0
0x0000049E,shaders\shader_templates\_0_1_1_2_0_0_1_0_0_0_0_0
0x0000049F,shaders\shader_templates\_0_1_1_2_0_0_1_0_0_0_0_0
0x000004A0,shaders\shader_templates\_0_1_1_2_0_0_1_0_0_0_0_0
0x000004A1,shaders\shader_templates\_0_2_0_1_10_0_1_0_0_0_0_0
0x000004A2,shaders\shader_templates\_0_2_0_1_10_0_1_0_0_0_0_0
0x000004A3,shaders\shader_templates\_0_2_0_1_10_0_1_0_0_0_0_0
0x000004A4,shaders\halogram_templates\_6_4_1_0_0_0_0_0_0
0x000004A5,shaders\halogram_templates\_6_4_1_0_0_0_0_0_0
0x000004A6,shaders\halogram_templates\_6_4_1_0_0_0_0_0_0
0x000004A7,shaders\halogram_templates\_0_8_1_0_1_2_1_0_0
0x000004A8,shaders\halogram_templates\_0_8_1_0_1_2_1_0_0
0x000004A9,shaders\halogram_templates\_0_8_1_0_1_2_1_0_0
0x000004AA,shaders\shader_templates\_0_1_0_1_2_0_5_0_0_0_0_0
0x000004AB,shaders\shader_templates\_0_1_0_1_2_0_5_0_0_0_0_0
0x000004AC,shaders\shader_templates\_0_1_0_1_2_0_5_0_0_0_0_0
0x000004AD,shaders\shader_templates\_2_0_0_0_10_2_0_0_0_0_0_0
0x000004AE,shaders\shader_templates\_2_0_0_0_10_2_0_0_0_0_0_0
0x000004AF,shaders\shader_templates\_2_0_0_0_10_2_0_0_0_0_0_0
0x000004B0,shaders\light_volume_templates\_0_3_0_0
0x000004B1,shaders\light_volume_templates\_0_3_0_0
0x000004B2,shaders\light_volume_templates\_0_3_0_0
0x000004B3,shaders\light_volume_templates\_0_1_0_0
0x000004B4,shaders\light_volume_templates\_0_1_0_0
0x000004B5,shaders\light_volume_templates\_0_1_0_0
0x000004B6,shaders\shader_templates\_0_1_0_1_7_2_0_0_2_0_0_0
0x000004B7,shaders\shader_templates\_0_1_0_1_7_2_0_0_2_0_0_0
0x000004B8,shaders\shader_templates\_0_1_0_1_7_2_0_0_2_0_0_0
0x000004B9,shaders\shader_templates\_0_0_0_2_5_1_0_3_0_0_0_0
0x000004BA,shaders\shader_templates\_0_0_0_2_5_1_0_3_0_0_0_0
0x000004BB,shaders\shader_templates\_0_0_0_2_5_1_0_3_0_0_0_0
0x000004BC,shaders\halogram_templates\_0_3_1_0_1_2_0_0_0
0x000004BD,shaders\halogram_templates\_0_3_1_0_1_2_0_0_0
0x000004BE,shaders\halogram_templates\_0_3_1_0_1_2_0_0_0
0x000004BF,shaders\particle_templates\_4_3_0_0_1_1_1_0_0_1
0x000004C0,shaders\particle_templates\_4_3_0_0_1_1_1_0_0_1
0x000004C1,shaders\particle_templates\_4_3_0_0_1_1_1_0_0_1
0x000004C2,shaders\particle_templates\_0_10_0_2_1_0_1_1_0_1
0x000004C3,shaders\particle_templates\_0_10_0_2_1_0_1_1_0_1
0x000004C4,shaders\particle_templates\_0_10_0_2_1_0_1_1_0_1
0x000004C5,shaders\particle_templates\_1_10_0_2_0_0_1_1_0_1
0x000004C6,shaders\particle_templates\_1_10_0_2_0_0_1_1_0_1
0x000004C7,shaders\particle_templates\_1_10_0_2_0_0_1_1_0_1
0x000004C8,shaders\particle_templates\_0_1_0_1_0_0_0_1_0_0
0x000004C9,shaders\particle_templates\_0_1_0_1_0_0_0_1_0_0
0x000004CA,shaders\particle_templates\_0_1_0_1_0_0_0_1_0_0
0x000004CB,shaders\particle_templates\_3_3_0_1_1_1_1_1_0_0
0x000004CC,shaders\particle_templates\_3_3_0_1_1_1_1_1_0_0
0x000004CD,shaders\particle_templates\_3_3_0_1_1_1_1_1_0_0
0x000004CE,shaders\decal_templates\_0_2_1_1_0_0
0x000004CF,shaders\decal_templates\_0_2_1_1_0_0
0x000004D0,shaders\decal_templates\_0_2_1_1_0_0
0x000004D1,shaders\particle_templates\_0_3_0_0_0_0_1_0_0_0
0x000004D2,shaders\particle_templates\_0_3_0_0_0_0_1_0_0_0
0x000004D3,shaders\particle_templates\_0_3_0_0_0_0_1_0_0_0
0x000004D4,shaders\particle_templates\_0_3_0_0_0_0_1_1_1_0
0x000004D5,shaders\particle_templates\_0_3_0_0_0_0_1_1_1_0
0x000004D6,shaders\particle_templates\_0_3_0_0_0_0_1_1_1_0
0x000004D7,shaders\contrail_templates\_0_8_1_1
0x000004D8,shaders\contrail_templates\_0_8_1_1
0x000004D9,shaders\contrail_templates\_0_8_1_1
0x000004DA,shaders\particle_templates\_3_3_0_0_1_1_1_1_0_0
0x000004DB,shaders\particle_templates\_3_3_0_0_1_1_1_1_0_0
0x000004DC,shaders\particle_templates\_3_3_0_0_1_1_1_1_0_0
0x000004DD,shaders\beam_templates\_2_8_1_0_0
0x000004DE,shaders\beam_templates\_2_8_1_0_0
0x000004DF,shaders\beam_templates\_2_8_1_0_0
0x000004E0,shaders\particle_templates\_5_10_0_2_0_1_1_1_0_1
0x000004E1,shaders\particle_templates\_5_10_0_2_0_1_1_1_0_1
0x000004E2,shaders\particle_templates\_5_10_0_2_0_1_1_1_0_1
0x000004E3,shaders\particle_templates\_0_3_0_0_0_1_0_0_1_0
0x000004E4,shaders\particle_templates\_0_3_0_0_0_1_0_0_1_0
0x000004E5,shaders\particle_templates\_0_3_0_0_0_1_0_0_1_0
0x000004E6,shaders\particle_templates\_0_3_0_0_0_1_0_0_0_0
0x000004E7,shaders\particle_templates\_0_3_0_0_0_1_0_0_0_0
0x000004E8,shaders\particle_templates\_0_3_0_0_0_1_0_0_0_0
0x000004E9,shaders\particle_templates\_3_3_0_2_1_0_1_0_0_0
0x000004EA,shaders\particle_templates\_3_3_0_2_1_0_1_0_0_0
0x000004EB,shaders\particle_templates\_3_3_0_2_1_0_1_0_0_0
0x000004EC,shaders\particle_templates\_0_0_0_1_0_0_0_1_0_1
0x000004ED,shaders\particle_templates\_0_0_0_1_0_0_0_1_0_1
0x000004EE,shaders\particle_templates\_0_0_0_1_0_0_0_1_0_1
0x000004EF,shaders\particle_templates\_0_3_0_0_0_1_1_1_0_0
0x000004F0,shaders\particle_templates\_0_3_0_0_0_1_1_1_0_0
0x000004F1,shaders\particle_templates\_0_3_0_0_0_1_1_1_0_0
0x000004F2,shaders\decal_templates\_6_3_0_0_1_0
0x000004F3,shaders\decal_templates\_6_3_0_0_1_0
0x000004F4,shaders\decal_templates\_6_3_0_0_1_0
0x000004F5,shaders\particle_templates\_5_3_0_2_0_1_1_1_0_1
0x000004F6,shaders\particle_templates\_5_3_0_2_0_1_1_1_0_1
0x000004F7,shaders\particle_templates\_5_3_0_2_0_1_1_1_0_1
0x000004F8,shaders\particle_templates\_3_3_0_1_0_1_1_1_1_1
0x000004F9,shaders\particle_templates\_3_3_0_1_0_1_1_1_1_1
0x000004FA,shaders\particle_templates\_3_3_0_1_0_1_1_1_1_1
0x000004FB,shaders\particle_templates\_0_0_0_1_0_1_0_1_0_0
0x000004FC,shaders\particle_templates\_0_0_0_1_0_1_0_1_0_0
0x000004FD,shaders\particle_templates\_0_0_0_1_0_1_0_1_0_0
0x000004FE,shaders\contrail_templates\_0_3_1_1
0x000004FF,shaders\contrail_templates\_0_3_1_1
0x00000500,shaders\contrail_templates\_0_3_1_1
0x00000501,shaders\contrail_templates\_0_7_0_0
0x00000502,shaders\contrail_templates\_0_7_0_0
0x00000503,shaders\contrail_templates\_0_7_0_0
0x00000504,shaders\decal_templates\_3_9_0_0_1_0
0x00000505,shaders\decal_templates\_3_9_0_0_1_0
0x00000506,shaders\decal_templates\_3_9_0_0_1_0
0x00000507,shaders\particle_templates\_0_1_0_0_0_0_0_1_0_0
0x00000508,shaders\particle_templates\_0_1_0_0_0_0_0_1_0_0
0x00000509,shaders\particle_templates\_0_1_0_0_0_0_0_1_0_0
0x0000050A,shaders\particle_templates\_0_1_0_0_0_0_1_1_0_0
0x0000050B,shaders\particle_templates\_0_1_0_0_0_0_1_1_0_0
0x0000050C,shaders\particle_templates\_0_1_0_0_0_0_1_1_0_0
0x0000050D,shaders\particle_templates\_3_3_0_2_0_1_1_1_0_0
0x0000050E,shaders\particle_templates\_3_3_0_2_0_1_1_1_0_0
0x0000050F,shaders\particle_templates\_3_3_0_2_0_1_1_1_0_0
0x00000510,shaders\particle_templates\_5_3_0_2_0_1_1_1_0_0
0x00000511,shaders\particle_templates\_5_3_0_2_0_1_1_1_0_0
0x00000512,shaders\particle_templates\_5_3_0_2_0_1_1_1_0_0
0x00000513,shaders\contrail_templates\_2_8_1_1
0x00000514,shaders\contrail_templates\_2_8_1_1
0x00000515,shaders\contrail_templates\_2_8_1_1
0x00000516,shaders\decal_templates\_2_3_0_1_0_0
0x00000517,shaders\decal_templates\_2_3_0_1_0_0
0x00000518,shaders\decal_templates\_2_3_0_1_0_0
0x00000519,shaders\particle_templates\_5_3_0_1_0_1_1_1_0_1
0x0000051A,shaders\particle_templates\_5_3_0_1_0_1_1_1_0_1
0x0000051B,shaders\particle_templates\_5_3_0_1_0_1_1_1_0_1
0x0000051C,shaders\particle_templates\_3_3_0_1_0_0_1_1_0_1
0x0000051D,shaders\particle_templates\_3_3_0_1_0_0_1_1_0_1
0x0000051E,shaders\particle_templates\_3_3_0_1_0_0_1_1_0_1
0x0000051F,shaders\particle_templates\_1_8_0_0_0_0_1_0_1_0
0x00000520,shaders\particle_templates\_1_8_0_0_0_0_1_0_1_0
0x00000521,shaders\particle_templates\_1_8_0_0_0_0_1_0_1_0
